FR;FR-EST;PNR des Vosges du Nord;PNR;tolere;Bivouac tolere sur la plupart du territoire (page officielle du parc): tente petite 1 nuit montee le soir retiree le matin, camping sauvage (+1 nuit) interdit partout, interdit RNN rochers et tourbieres du Pays de Bitche et RNCFS La Petite-Pierre;Feu interdit code forestier (moins de 200m des bois), et interdit toute l'annee du 15/03 au 30/09 en foret et dans les ruines de chateaux;GR®53, GR®532;https://www.parc-vosges-nord.fr/article/bivouac-infos;nd;2026-09-21;FAIT;MAJ 2026-08-24 : source directe inaccessible ce run, recoupement confirme la règle générale et l'interdiction feu (15/03-30/09, 200m des bois), aucun changement. MAJ 2026-09-07 : parc-vosges-nord.fr inaccessible (blocage reseau systemique). Recoupement confirme la regle generale et l'interdiction feu (15/03-30/09, 200m des bois) sans changement. Des seuils chiffres plus precis (150m habitation, 200m point d'eau potable, 500m monument classe) apparaissent dans une synthese de recherche mais restent une piste non confirmee par lecture directe de page, a verifier avant integration. MAJ 2026-09-21 : page officielle parc-vosges-nord.fr (bivouac-infos) confirme les seuils 150m d'une habitation, 200m d'un point d'eau potable et 500m d'un monument historique classe ou inscrit, ainsi que la periode de restriction du feu 15/03-30/09 en foret et dans les ruines de chateaux. Champs conditions et feu completes en consequence.
FR;FR-EST;PNR du Haut-Jura;PNR;tolere;Bivouac tolere pres des sentiers balises, villages ou refuges (page officielle), interdit dans les APPB forets d'altitude du Haut-Jura du 15/12 au 30/06, RNN Haute Chaine du Jura: reglementation propre;Pas de feu (AP + code forestier, interdit en foret ou a moins de 200m), rechaud tolere sur zone stable;GR®9, GR®5, GTJ;https://www.parc-haut-jura.fr/tourisme/le-bivouac/;nd;2026-09-21;FAIT;GTJ: bivouac autorise le long des itineraires hors APPB (gtj.asso.fr). MAJ 2026-08-24 : source directe inaccessible ce run, dates exactes de l'APPB (15/12-30/06) reconfirmées, hors période au 24/08, aucun changement. MAJ 2026-09-07 : parc-haut-jura.fr inaccessible (blocage reseau systemique). Dates exactes de l'APPB (15/12-30/06) reconfirmees, hors periode au 07/09. Le detail RNN Haute Chaine du Jura retrouve par recherche (tente interdite, sans abri, 19h-9h, moins de 20m du sentier, hors paturages) est deja capture integralement dans la fiche dediee de cette RNN, coherence confirmee, aucun changement necessaire ici. MAJ 2026-09-21 : jura.gouv.fr et groupe-tetras-jura.org reconfirment l'APPB forets d'altitude (15/12-30/06, 5 massifs, 12 communes, 4334 ha), periode hors vigueur au 21/09, aucun changement.
FR;FR-PYR-O;PNR des Pyrenees Ariegeoises;PNR;variable;Droit commun, reglementation communale/ONF locale, le PNR n'a pas de pouvoir reglementaire, tolerance locale relayee 18h-8h autour des refuges (ex. Etang Pinet), camping interdit;Feu strictement interdit (arretes, code forestier), arrete prefectoral departemental d'interdiction totale de l'usage du feu en Ariege reconduit une 4e fois jusqu'au 24/08/2026 inclus (chaleur persistante, mobilisation des pompiers en juillet), aucune 5e reconduction ni levee retrouvee 4 jours apres cette echeance (verifie au 28/08/2026), arrete du 24/08 traite comme dernier etat connu par defaut;GR®10, GR®107;https://pyreneesfm.com/ariege-feux-d-artifice-barbecues-les-interdictions-prolongees-face-au-risque-d-i;2026-08-18;2026-09-14;HYPOTHESE;"Le parc ne publie aucune page réglementaire consacrée au bivouac (regle de bivouac elle-meme toujours HYPOTHESE, d'apres offices de tourisme et refuges FFCAM). L'interdiction d'usage du feu, elle, est confirmee par source de presse datee citant la prefecture de l'Ariege : feux d'artifice, feux de camp, barbecues a moins de 50 m de vegetation et certains travaux a risque interdits sur tout le departement jusqu'au 17/08/2026, puis jusqu'au 24/08/2026 (4e reconduction, Pyrenees FM 18/08). MAJ 28/08 : ariege.gouv.fr et pyreneesfm.com revuerifies, toujours aucune 5e reconduction ni levee publiee. MAJ 2026-09-03 : reverifie (pyreneesfm.com, ariege.gouv.fr), toujours aucune 5e reconduction ni levee trouvee, l'arrete du 24/08 reste le dernier etat connu par defaut, 10 jours de silence. MAJ 2026-09-07 : ariege.gouv.fr et pyreneesfm.com revus (blocage reseau systemique empechant la lecture directe). Recherche ciblee (page officielle 'Renforcement de la secheresse estivale') ne fait remonter aucune 5e reconduction ni levee de l'arrete feu au-dela du 24/08/2026 : 14 jours de silence confirmes au 07/09/2026, arrete du 24/08 maintenu par defaut comme dernier etat connu. MAJ 2026-09-08 : reverifie (ariege.gouv.fr/Publications/Actualites, page reglementation permanente de l'emploi du feu, pyreneesfm.com), toujours aucune 5e reconduction ni levee retrouvee, 15 jours de silence. A noter : l'arrete distinct d'interdiction d'acces au GR®10 pour chutes de pierres (Bordes-Uchentein) est lui a jour au 31/08/2026, preuve que la prefecture publie activement sur ce dossier feu sans que cela ait fait remonter de nouvel acte sur l'usage du feu lui-meme. MAJ 2026-09-14 : reverifie (ariege.gouv.fr/Publications/Actualites, recueil des actes administratifs, pyreneesfm.com), toujours aucune 5e reconduction ni levee retrouvee, 21 jours de silence depuis l'echeance du 24/08 ; arrete du 24/08 toujours maintenu par defaut comme dernier etat connu. MAJ 2026-09-14 : reverifie (ariege.gouv.fr/Publications/Actualites, recueil des actes administratifs, pyreneesfm.com) : toujours aucune 5e reconduction ni levee de l'arrete temporaire d'interdiction du feu retrouvee au-dela du 24/08/2026, 21 jours de silence confirmes depuis l'echeance. Arrete du 24/08 maintenu par defaut comme dernier etat connu. La regle de bivouac elle-meme (hors feu) reste non sourcee par une page officielle du parc, statut inchange."
FR;FR-PYR-O;PNR des Pyrenees Catalanes;PNR;variable;"Droit commun dans le PNR (pas de regle propre), mais 7 reserves naturelles internes (federation des RN catalanes) : camping interdit ; bivouac tolere du coucher au lever du soleil le long des sentiers balises et autour des refuges, sauf Nohedes (creneau fixe cite a 20h-8h) et Py (limite aux abords des refuges / le long du GR®10) ; chiens interdits uniquement a Py, Mantet, vallee d'Eyne et Prats-de-Mollo, admis en laisse a Nyer, Conat, Nohedes et Jujols";Feux de camp strictement interdits dans les RN, code forestier ailleurs;GR®10, GR®36, HRP;https://www.reserves-naturelles-catalanes.org/decouvrir/la-reglementation/;nd;2026-09-14;HYPOTHESE;Aucun texte unique ne couvre le PNR ni ses 7 réserves naturelles : chacune a son propre décret ou arrêté sur Légifrance, par exemple la RN de Py (arrêté n°2014202-0006 du 21/07/14). Règle recoupée pour Py, Nohèdes et Mantet. MAJ 2026-08-24 : WebFetch bloqué (proxy) sur reserves-naturelles-catalanes.org. Une recherche indexée sur ce même site officiel de la fédération suggère un détail par réserve (Conat et Nohèdes : bivouac 20h-8h / Py : autour des refuges ou le long du GR®10 / Vallée d'Eyne et Prats-de-Mollo : coucher au lever du soleil / chiens interdits à Py, Mantet, Eyne et Prats-de-Mollo), non confirmé par lecture directe, à vérifier en priorité au prochain passage avant d'intégrer ce détail à la règle publiée. MAJ 2026-09-07 : reserves-naturelles-catalanes.org toujours inaccessible (blocage reseau systemique). Deux recherches independantes (ce run et le run du 24/08) convergent sur le detail par reserve, integre en conditions : horaire specifique a Nohedes, perimetre limite pour Py, chiens interdits seulement a Py/Mantet/Eyne/Prats-de-Mollo (admis en laisse ailleurs). Statut maintenu HYPOTHESE faute de lecture directe de la source primaire. MAJ 2026-09-14 : deux nouvelles recherches independantes extraient des extraits attribues au domaine officiel reserves-naturelles-catalanes.org reproduisant des details precis et coherents avec la fiche (Nohedes 20h-8h, Py camping interdit avec amende de 68 EUR, chiens interdits a Mantet meme en laisse). Convergence stable sur 3 runs independants (24/08, 07/09, 14/09). Reste toutefois issue d'extraits indexes par un moteur de recherche, pas d'une lecture humaine du HTML complet (WebFetch indisponible ce run) : statut maintenu HYPOTHESE.
FR;FR-MC;PNR de l'Aubrac;PNR;variable;Note officielle du parc: pas de reglementation particuliere du PNR, droit commun (interdit bois classes, sites classes, routes), accord du proprietaire en terrain prive, bonnes pratiques 19h/20h-8h/9h, tente petite, 1 nuit, verifier arretes municipaux en mairie;Code forestier L131-1 (interdit a moins de 200m des bois sauf proprietaire), verifier AP secheresse estivaux, feu possible en terrain prive avec accord;GR®65, GR®60, Tour de l'Aubrac;https://www.monsitecommunal.fr/uploads/sites/81/2021/10/Note_Bivouac_Feux.pdf;2021-10;2026-09-20;FAIT;Note bivouac-feux redigee par le PNR Aubrac, diffusee par les mairies. MAJ 2026-08-31 : source directe inaccessible ce run (proxy), recoupement confirme la teneur de la note 2021 toujours cohérente, aucun changement.
FR;FR-34-11;PNR du Haut-Languedoc;PNR;variable;Le parc rappelle explicitement qu'un PNR n'a pas le pouvoir de reglementer le bivouac: droit commun + espaces proteges internes (RNCFS, APPB) pouvant l'interdire, 1 nuit coucher-lever du soleil;Feu interdit a moins de 200m des bois (code forestier), rechaud permis a +200m sauf arrete prefectoral;GR®7, GR®71, GR®653;https://www.parc-haut-languedoc.fr/actualites/legislation-bivouac-feu;nd;2026-09-20;FAIT;"Le parc a une page pedagogique dediee bivouac+feu. MAJ 2026-09-02 : règle de fond reconfirmée par recoupement. Correction de la note du 31/08 : aucun secteur de l'Hérault n'est classé en rouge à ce jour, la carte de la préfète (@Prefet34) du 01/09/2026 place 6 secteurs sur 9 en orange (accès déconseillé, travaux réglementés), en baisse depuis le pic du 06/08 (voir registre risque-feu|Herault-34). MAJ 2026-09-14 : toujours aucun secteur rouge depuis le 22/08/2026 ; la carte du 10/09/2026 place 6 secteurs sur 9 en orange, dont le Minervois (traversé par le GR®7/GR®653). MAJ 2026-09-20 : le Minervois et Saint-Chinianais a de nouveau été classé en rouge (accès interdit) le mercredi 16/09/2026, avec cinq autres secteurs, avant de retomber à un seul secteur rouge (hors Minervois) dès le lendemain 17/09 (voir registre risque-feu|Herault-34, chronologie complète). Consulter la carte de vigilance quotidienne herault.gouv.fr ou risque-prevention-incendie.fr/herault avant tout bivouac dans ce secteur, la situation pouvant basculer d'un jour à l'autre en fin de saison feux (jusqu'au 30/09)."
FR;FR-MC;PNR des Grands Causses;PNR;variable;Droit commun, portail rando officiel du parc: bivouac discret 19h-9h, interdit sites classes ou en instance (cirque de Navacelles, gorges de la Vis) et camp militaire du Larzac, arretes municipaux/prefectoraux possibles;Feu interdit en sites classes, code forestier ailleurs;GR®62, GR®71, GR®736;https://rando.parc-grands-causses.fr/information/3-Bonnes-pratiques;nd;2026-09-20;FAIT;MAJ 2026-08-31 : source directe inaccessible ce run (proxy), page toujours en ligne selon recoupement, contenu inchangé.
FR;FR-84-26-07;PNR des Monts d'Ardeche;PNR;tolere;Bivouac tolere (site destination du parc): 1 nuit coucher du soleil-matin, hors vue des habitations, a +500m d'un monument classe, interdit sites classes Mezenc-Gerbier de Jonc, cascade du Ray-Pic, Pont du Diable (Thueyts), camping sauvage interdit par arrete municipal dans la plupart des communes;Feu au sol interdit, rechaud hors periode de secheresse et zones ventees, AP estivaux frequents;GR®7, GR®420;https://www.destination-parc-monts-ardeche.fr/a-savoir/le-bivouac/;nd;2026-09-21;FAIT;MAJ 2026-08-24 : source directe inaccessible ce run, règles générales reconfirmées. Arrêté préfectoral n°07-2026-05-20-00001 (entré en vigueur 15/06/2026, jusqu'au 30/09/2026) identifié comme AP estival actif à la date du jour, cohérent avec la fiche. MAJ 2026-09-07 : Acces direct bloque (contrainte reseau de la session), verification par recherche ciblee. Contenu de la page bivouac du parc et arrete n.07-2026-05-20-00001 reconfirmes via ardeche.gouv.fr, aucun changement de fond. La page du parc mentionnerait aussi une distance >=200m aux points d'eau captes, absente de la fiche, a evaluer pour ajout apres lecture directe. MAJ 2026-09-21 : AP n°07-2026-05-20-00001 confirme actif jusqu'au 30/09/2026 (interdiction feu a 200m des bois). La regle des 200m aux points d'eau captes n'est toujours pas confirmee par une source officielle du parc, non ajoutee.
FR;FR-84-26-07;PNR du Luberon;PNR;variable;Bivouac tolere hors ete avec accord du proprietaire (coucher du soleil-petit matin), interdit du 15/06 au 15/09 dans tous les massifs forestiers du Vaucluse (arrete prefectoral acces massifs, pas une regle du parc), camping sauvage interdit toute l'annee;Feu et cigarette interdits toute l'annee a moins de 200m des massifs forestiers;GR®9, GR®92, GR®97;https://www.parcduluberon.fr/en/a-voir-a-faire/geste-juste/ete-prudent-foret/;nd;2026-09-21;FAIT;Carte acces massifs jour par jour sur destinationluberon.com. Periode d'interdiction 15/06-15/09 basee sur l'arrete prefectoral du 29/03/2023. Vaucluse en vigilance secheresse depuis juillet 2026 (bassins Rhone, Meyne, Sud-Ouest Mont Ventoux, Sorgues, Nesque, Calavon, Sud Luberon, Durance) : verifier la carte du jour avant depart. MAJ 2026-08-31 : source directe inaccessible ce run (proxy), recoupement (vaucluse.gouv.fr, presse locale) confirme l'arrêté du 29/03/2023 toujours en vigueur, avec fermetures totales de massifs encore constatées le 18/08/2026, aucun changement. MAJ 2026-09-21 : source directe parcduluberon.fr toujours inaccessible (proxy), aucun element trouve contredisant l'arrete du 29/03/2023 ni la periode 15/06-30/09, statut inchange.
FR;FR-83;PNR du Verdon;PNR;variable;Camping interdit, bivouac tolere 19h-9h a +1h de marche d'un acces routier, interdit dans les gorges et sur le sentier Blanc-Martel (arrete prefectoral, coeur de reserve) et sur les rives des lacs (arretes municipaux/prefectoraux);Tout feu (cigarette comprise) et barbecue interdits en espace naturel, amende 135 euros;GR®4, GR®99;https://www.parcduverdon.fr/explorer/conseils-des-ecogardes/rappel-de-la-reglementation-par-type-de-milieu/;nd;2026-09-21;FAIT;Page ecogardes officielle par type de milieu. Massifs voisins du Var (Sainte-Baume, Haut-Var, Maures, Centre-Var) places en risque tres severe a extreme debut aout 2026 avec fermetures ponctuelles par arrete prefectoral distinct de la reglementation propre au parc. MAJ 2026-08-31 : source directe inaccessible ce run (proxy), recoupement confirme la règle inchangée. Arrêté préfectoral des Alpes-de-Haute-Provence n°2026-093-009 (25/06-20/09/2026) identifié comme base réglementaire 2026 de l'interdiction de camping/caravaning en zones forestières riveraines, toujours actif à la date du jour. MAJ 2026-09-21 : alpes-de-haute-provence.gouv.fr et verdontourisme.com confirment que la periode de restriction incendie renforcee (camping/feu a 200m des massifs) courait du 25/06 au 20/09/2026 et vient d'expirer la veille. La regle permanente du parc (bivouac 19h-9h a plus d'1h de marche, interdiction gorges/Blanc-Martel/rives) reste inchangee.
FR;FR-84-26-07;PNR des Baronnies provencales;PNR;tolere;Bivouac tolere 19h-9h, 1 nuit, tente montee au coucher du soleil, accord du proprietaire (parcelles communales ou privees), note officielle du parc, acces aux massifs forestiers reglemente du 1/07 au 15/09 par arrete prefectoral cote Drome (DDT-SEF-2026-0176 du 04/06/2026, 10 zones geographiques), en plus d'arretes municipaux locaux (ex. Montclar-sur-Gervanne, Nyons) pouvant fermer totalement certaines communes;Pas de feu en nature, interdit a moins de 200m des bois (code forestier), massifs fermes = feu et bivouac de fait impossibles;GR®9, GRP Tour des Baronnies;https://www.baronnies-provencales.fr/wp-content/uploads/sites/3/2025/03/20250219_Bivouac_feux_chiens_dans_le_PnrBp.pdf;2025-02-19;2026-09-21;FAIT;Note officielle bivouac-feux-chiens du PnrBp, recente, periode/numero d'arrete precises via drome.gouv.fr (arrete-cadre DDT-SEF-2026-0176, PDF non lisible en autonome), voir aussi ligne registre fermeture|FR-Baronnies-GR®9 pour le detail commune par commune. MAJ 2026-08-24 : source directe inaccessible ce run, arrêté DDT-SEF-2026-0176 reconfirmé actif, presse locale (cc-bdp.fr, août 2026) confirme des fermetures municipales de massifs toujours en vigueur (Poyols depuis le 04/08, Rocher de l'Aiglier, Montagne de Grimagne, Massif de la Lance). MAJ 2026-09-07 : Acces direct bloque (contrainte reseau de la session), verification par recherche ciblee. Arrete DDT-SEF-2026-0176 du 04/06/2026 reconfirme nommement sur drome.gouv.fr, contenu de la note bivouac-feux-chiens (200m des bois) retrouve, regle inchangee. MAJ 2026-09-21 : drome.gouv.fr confirme que l'arrete reglemente l'acces aux massifs (dont foret de Saou et plateau d'Ambel) du 1er juillet au 15 septembre en cas de risque incendie, periode desormais close. La regle de bivouac generale (19h-9h, 1 nuit) reste inchangee.
FR;FR-06;PNR des Prealpes d'Azur;PNR;tolere;Camping sauvage interdit dans le parc, bivouac tolere pour le randonneur itinerant: abri leger 1-2 personnes, +1h de marche des parkings, 1 nuit, accord du proprietaire, reglemente du 1/07 au 30/09 sous 1500m (risque incendie, AP Alpes-Maritimes);Tout emploi du feu interdit a moins de 200m des espaces boises toute l'annee (L131-1), AP estivaux;GR®51, GR®4, GR®510;https://www.parc-prealpesdazur.fr/wp-content/uploads/2020/12/Guide-du-bon-bivouac-1.pdf;2020-12;2026-09-21;FAIT;"Guide du bon bivouac edite par le parc. MAJ 2026-08-24 : source directe inaccessible ce run, période réglementée 1/07-30/09 sous 1500m reconfirmée (arrêtés Alpes-Maritimes du 16/07/2021 complété le 29/07/2024), active au 24/08, aucun changement. MAJ 2026-09-07 : Acces direct bloque (contrainte reseau de la session), verification par recherche ciblee. Regle du guide du bon bivouac (>1h de marche des parkings) reconfirmee ; alpes-maritimes.gouv.fr referencerait desormais un arrete n.2025-101 du 13/05/2025 sur l'emploi du feu, a verifier s'il remplace les arretes de 2021/2024 cites pour le seuil des 1500m. MAJ 2026-09-21 : alpes-maritimes.gouv.fr confirme que l'AP n.2025-101 (13/05/2025) concerne l'emploi du feu et remplace les AP n.2014-453/2025-001, distinct du seuil d'altitude 1500m ; cet arrete de zonage 1500m reste a identifier precisement, aucun changement applique."
FR;FR-BRE;PNR d'Armorique;PNR;variable;Page officielle du parc: bivouac et camping interdits sur les sites inscrits et classes qui couvrent une grande partie du parc (presqu'ile de Crozon, Menez-Hom, monts d'Arree, iles d'Iroise, littoral), ailleurs accord du proprietaire + verifier arrete municipal en mairie, GR®34: a +500m de la cote hors dunes et reserves, zone de tolerance identifiee entre le Cap de la Chevre et la Pointe de Pen-Hir (en retrait des falaises);Feu interdit (code forestier, landes et tourbieres tres inflammables);GR®34, GR®37, GR®380;https://www.pnr-armorique.fr/destination-parc/bivouaquer-dans-le-parc/;nd;2026-09-21;FAIT;MAJ 2026-09-21 : page officielle pnr-armorique.fr inaccessible en direct (blocage reseau), contenu indexe de cette meme page confirme la regle existante et precise une zone de tolerance supplementaire entre le Cap de la Chevre et la Pointe de Pen-Hir (en retrait des falaises), principe 1 nuit/discret/pas de feu/tout redescendre.
FR;FR-MC;PNR des Volcans d'Auvergne;PNR;tolere;Camping sauvage interdit, bivouac tolere 1 nuit en rando itinerante (tente montee apres 20h demontee avant 8h en ete), en lisiere de foret, hors pentes, crateres et sommets des volcans, interdit lac du Guery et RN Chastreix-Sancy et vallee de Chaudefour;Rechaud gaz tolere avec precautions (stabilite, distance materiaux inflammables), tout autre feu porte ou au sol interdit;GR®400, GR®441, GR®4, GR®30;https://www.decouvrir.parcdesvolcans.fr/avant-de-partir-en-balade;2026;2026-09-20;FAIT;Regles du parc relayees par l'OT du Sancy, page equivalente sur parcdesvolcans.fr a citer en source primaire. MAJ 2026-08-31 : source directe inaccessible ce run (proxy), recoupement confirme la règle inchangée.
FR;FR-PYR-O;RNN du Néouvielle;reserve;tolere;Camping interdit, bivouac autorisé uniquement sur les 2 aires dédiées des lacs d'Orédon et Aubert, petite tente 19h-9h, interdit partout ailleurs dans la réserve;interdit;GR®10 (proximité), HRP;https://www.pyrenees-parcnational.fr/fr/des-decouvertes/sejourner-dans-le-parc-national/ou-dormir-en-montagne/bivouac;nd;2026-09-21;FAIT;Décret 94-192. L'horaire est parfois cité à tort comme 18h30 : c'est bien 19h-9h. MAJ 2026-08-24 : source directe inaccessible ce run, recoupement confirme la règle inchangée (aires d'Orédon et Aubert, 19h-9h). MAJ 2026-09-07 : Acces direct bloque (contrainte reseau de la session), verification par recherche ciblee. Le decret 94-192 (source actuelle) ne detaille pas les aires de bivouac : la regle des aires d'Oredon/Aubert 19h-9h est en realite fixee par le reglement du Parc national des Pyrenees, source_url substituee vers la page dediee du parc, plus pertinente. MAJ 2026-09-21 : regles bivouac Oredon/Aubert 19h-9h reconfirmees a jour pour 2026 (recoupement WebSearch, lecture directe bloquee ce run), aucun changement au decret 94-192.
FR;FR-ALPES-N;RNN des Contamines-Montjoie;reserve;tolere;Bivouac interdit sous 2500 m du 15/06 au 15/09 sauf aires officielles (La Giettaz/Pont de la Rollaz, La Balme), 19h-9h, réservation obligatoire sur bivouac.nature-haute-savoie.fr;interdit;TMB;https://www.haute-savoie.gouv.fr/Actions-de-l-Etat/Vos-loisirs/Montagne-en-ete/RNN-Contamines-Montjoie-Aiguilles-Rouges-Carlaveyron-et-Vallon-de-Berard-reglementation;2026-06-04;2026-09-21;HYPOTHESE;"Gestion Asters-CEN74, AP saisonnier renouvelé. MAJ 2026-09-21 : recoupement WebSearch (WebFetch bloque ce run) identifie un PDF officiel nomme ARP_DDT-2026_0474_BivouacBaignade_RNNCM_Vdef_signe.pdf, ou RNNCM designe la reserve des Contamines-Montjoie dans son ensemble, avec les memes regles (moins de 2500m, 15/06-15/09, aires Giettaz/Pont de la Rollaz et La Balme). Statut retrograde a HYPOTHESE faute de lecture directe du PDF. A NOTER : la ligne « RNN des Contamines-Montjoie (lacs Jovet et Plan Jovet) » du registre semble decrire la MEME reserve et le MEME arrete plutot qu'un regime distinct. Les deux lignes sont conservees en l'etat (aucune suppression) mais a rapprocher/clarifier au prochain passage apres lecture directe."
FR;FR-ALPES-N;RNN Aiguilles Rouges, Carlaveyron et Vallon de Bérard;reserve;tolere;Bivouac interdit du 01/06 au 30/09 sauf 4 zones de tolérance, 19h-9h uniquement, ni feu ni enceintes, chiens en laisse, reservation obligatoire sur reserve-bivouac74.fr;interdit;TMB (variantes), GR®5;https://www.haute-savoie.gouv.fr/Actions-de-l-Etat/Vos-loisirs/Montagne-en-ete/RNN-Contamines-Montjoie-Aiguilles-Rouges-Carlaveyron-et-Vallon-de-Berard-reglementation;2026-06-04;2026-09-21;HYPOTHESE;Page préfectorale couvrant les 3 réserves. MAJ 2026-09-21 : recoupement WebSearch (WebFetch bloque ce run) fait remonter un arrete DDT-2026-0472 du 04/06/2026 couvrant nommement ces 3 reserves (memes regles, 01/06-30/09, 4 zones de tolerance, 19h-9h) et une obligation de reservation sur reserve-bivouac74.fr absente jusqu'ici de la fiche. Statut retrograde a HYPOTHESE faute de lecture directe du PDF/de la page, a confirmer au prochain passage.
FR;FR-ALPES-N;RNN de Sixt-Passy;reserve;tolere;Bivouac tolere 19h-9h avec reservation obligatoire sur reserve-bivouac74.fr (plateforme geree par Asters-CEN Haute-Savoie, gratuite, sans services : pas de point d'eau, pas de poubelles, pas de gardien, deployee en mai 2024), zones cartographiees avec capacites d'accueil limitees, interdiction saisonniere de bivouac au Lac Jovet et Plan Jovet du 1er juillet au 31 aout. Base reglementaire de la reserve : decret n 2019-1218 du 21 novembre 2019 (Legifrance) redefinissant perimetre et reglementation de la RNN Sixt-Fer-a-Cheval/Passy.;interdit dans le coeur de reserve, amende pouvant atteindre 1500 euros;GR®5, Tour des Fiz;https://reserve-bivouac74.fr;2024-05;2026-09-14;FAIT;Plateforme officielle Asters confirmee, decret cadre 2019-1218 identifie. A la prochaine verification, obtenir la liste exhaustive des zones nommees au-dela de Giettaz/Rollaz/Balme et le texte exact de l'arrete encadrant la reservation. MAJ 2026-09-14 : regime propre a Sixt-Fer-a-Cheval/Passy (tolerance 19h-9h, reservation obligatoire) reconfirme inchange. ATTENTION : les mentions « Lac Jovet » et « Plan Jovet » de cette fiche semblent en realite relever d'une reserve distincte, la RNN des Contamines-Montjoie, regie par un arrete prefectoral propre (DDT-2026-0474 du 04/06/2026) fixant des dates differentes de celles historiquement citees ici. Source trouvee via WebSearch (haute-savoie.gouv.fr, PDF de l'arrete signe), non confirmee par lecture directe ce run : voir la nouvelle ligne dediee ajoutee ce jour (statut HYPOTHESE) plutot que de corriger cette fiche-ci sans verification humaine.
FR;FR-EST;RNN de la Haute Chaîne du Jura;reserve;tolere;Camping interdit, bivouac autorisé uniquement SANS abri (ni tente ni bâche), à moins de 20 m du sentier, hors pâturages, 19h-9h (AP du 16/10/2017);interdit;GTJ, GR®9;https://www.rnn-hautechainedujura.fr/composants/uploads/2017/10/AP-bivouac-signe.pdf;2017-10-16;2026-09-21;FAIT;"Cas rare : bivouac sans tente seulement, point déterminant sur la GTJ MAJ 2026-08-23 : source_url remplacee par l'arrete prefectoral signe du 16/10/2017 (PDF), plus precis que la page generale ; regle reconfirmee mot pour mot par recoupement. MAJ 2026-09-21 : arrete du 16/10/2017 toujours en vigueur et cite comme reference actuelle par les sources 2025-2026 (recoupement WebSearch, lecture directe bloquee ce run), regle sans tente inchangee."
FR;FR-EST;RNN des Ballons Comtois;reserve;interdit;Camping et bivouac interdits sous toutes leurs formes, seule exception l'abri de la Grande Goutte (ou autorisation préfectorale scientifique);interdit;GR®533, GR®5 (Vosges sud);https://www.legifrance.gouv.fr/jorf/id/JORFTEXT000000597214;2002-07-04;2026-09-21;FAIT;Décret 2002-962. MAJ 2026-09-21 : decret 2002-962 confirme en vigueur (version consolidee au 06/11/2024, recoupement Legifrance/AIDA via WebSearch, lecture directe bloquee ce run), regle de l'abri de la Grande Goutte inchangee.
FR;FR-MC;RNN Chastreix-Sancy;reserve;interdit;Camping et bivouac interdits (amende 68 EUR, 1500 EUR si feu), bivouac scientifique sur autorisation préfectorale uniquement, aires de bivouac aménagées hors réserve dans le massif du Sancy;interdit;GR®4, GR®30;https://www.legifrance.gouv.fr/loda/id/JORFTEXT000000824283/;2007-07-13;2026-09-21;FAIT;Décret 2007-1091, versant sud du Sancy. MAJ 2026-09-21 : decret 2007-1091 confirme toujours en vigueur (recoupement Legifrance/AIDA via WebSearch, lecture directe bloquee ce run), seule modification identifiee (decret 2023-450, alpinisme hivernal) sans impact sur la regle bivouac.
FR;FR-CORSE;RNN de Scandola;reserve;interdit;Camping et bivouac totalement interdits, zone intégrale sans débarquement, survol sous 1000 m interdit;interdit;Mare e Monti (proximité);https://www.pnr.corsica/fr/patrimoine-naturel-culturel/gestion-des-sites/scandola;1975-12-09;2026-09-21;FAIT;Décret 75-1128, en cours de révision (enquête publique 2025). MAJ 2026-09-21 : la revision du decret de 1975 reste au stade de projet (discussions en cours mi-2026 selon France 3 et les prefectures corses), aucun nouveau decret publie. Un plan de regulation (formations professionnelles des le 04/05/2026, QR codes) demarre en parallele sans attendre le decret. Regle d'interdiction totale du bivouac inchangee.
ES;ES-NAV-RIO-ARA;PN Posets-Maladeta;parc-naturel;tolere;Pernocta avec ou sans tente autorisée au-dessus de 2000 m, 20h-8h, une nuit par emplacement, interdit à moins de 500 m des refuges gardés (La Renclusa, Angel Orus), terrain privé = accord du propriétaire;interdit;GR®11-ES, HRP;https://www.aragon.es/-/parque-natural-de-posets-maladeta;2014-10-21;2026-09-20;HYPOTHESE;PRUG Decreto 168/2014 Gobierno de Aragón. MAJ 2026-08-31 : source directe inaccessible ce run (proxy), recoupement (montanaregulada.org, aragonhoy.es, boa.aragon.es) confirme le décret toujours en vigueur, aucun changement. MAJ 2026-09-20 : page source lue directement (HTTP 200) mais entièrement refondue en portail générique du parc (liste de sentiers/PDF infrastructures), elle ne contient plus aucun texte sur la pernocta/acampada (aucune mention de 2000 m, horaires, distance aux refuges) ; seul lien restant vers une page normative générique aragon.es sans détail Posets-Maladeta. Règle conservée telle quelle (dernière confirmation textuelle directe du PRUG Decreto 168/2014 remontant à 2014), statut repassé en HYPOTHESE faute de source officielle affichant encore le contenu réglementaire précis. À rechercher au prochain run : le PRUG ou son arrêté publié en PDF sur boa.aragon.es.
ES;ES-CAT;PN de l'Alt Pirineu;parc-naturel;tolere;Acampada en mode haute montagne au-dessus de 2000 m, 20h-8h, une nuit par emplacement, tente non montée en journée (8h-20h) : AUCUNE autorisation préalable requise pour cette modalité. En dessous de 2000 m, hors horaires 20h-8h, plus d'un jour au même endroit, ou plus de 3 tentes groupées : autorisation nominative préalable obligatoire (demande gencat ~15 jours avant, liste des participants nom/prénom/n° ID) auprès du Parc ET du propriétaire du terrain, délivrée pour motifs éducatifs/scientifiques/gestion du milieu naturel;interdit;GR®11-ES;https://parcsnaturals.gencat.cat/en/xarxa-de-parcs/alt-pirineu/gaudeix-del-parc/consells/regulacio-activitats/index.html;2018-12-13;2026-09-14;HYPOTHESE;Accord Junta Rectora 13/12/2018, plus restrictif que Posets-Maladeta. Re-vérification du 17/08/2026 : trois recherches indépendantes convergent pour indiquer que la modalité haute montagne (>2000 m, une nuit) ne nécessiterait PAS d'autorisation nominative préalable. MAJ 2026-08-31 : deuxième passage indépendant, trois nouvelles recherches confirment le même constat par un extrait synthétisé de la page officielle elle-même (« no és necessària l'autorització de l'òrgan gestor del Parc » pour cette modalité), conditions mises à jour en conséquence, mais statut laissé en HYPOTHESE faute de lecture humaine directe de la page ou de la brochure PDF (parcsnaturals.gencat.cat/.../Fullet-acampada-CATvd.pdf), à faire avant de passer en FAIT vu l'enjeu amende. MAJ 2026-09-07 : parcsnaturals.gencat.cat inaccessible (blocage reseau systemique, y compris le PDF Fullet-acampada). Troisieme recherche independante reconfirme par citation quasi identique l'absence d'autorisation nominative requise pour la modalite haute montagne (>2000 m, une nuit). Statut maintenu HYPOTHESE faute de lecture humaine directe de la page ou de la brochure officielle. MAJ 2026-09-14 : quatrieme run independant (apres 17/08, 31/08, 07/09) reconfirmant a l'identique, via extraits attribues a la page officielle gencat, l'absence d'autorisation nominative requise pour la modalite haute montagne (>2000 m, une nuit, 20h-8h). Convergence tres stable sur 4 recherches independantes espacees dans le temps. Statut maintenu HYPOTHESE faute de lecture humaine directe de la page ou de la brochure officielle (WebFetch bloque ce run).
UK;UK-IE;Ecosse - droit d'acces responsable;regle-generale;autorise;Land Reform (Scotland) Act 2003 + Scottish Outdoor Access Code (2005) : camping sauvage leger legal sur la plupart des terres, petits groupes, 2-3 nuits max au meme endroit, loin des habitations, routes et champs clotures, sans trace;tolere - petits feux controles admis par le Code hors periodes seches, rechaud recommande;West Highland Way, Cape Wrath Trail, Great Glen Way, Skye Trail;https://www.outdooraccess-scotland.scot/act-and-access-code/land-reform-act/land-reform-act-legal;2005;2026-09-14;FAIT;Rare pays europeen ou le camping sauvage est un droit legal explicite. MAJ 2026-08-24 : source directe inaccessible ce run, recoupement confirme le Land Reform Act 2003 et le SOAC toujours en vigueur, aucun changement. MAJ 2026-09-14 : Land Reform (Scotland) Act 2025 (sanction royale 16/12/2025) entre en vigueur partiellement en 2026, mais ses articles portent sur les commissaires fonciers et un bail-type pour les huttes, sans lien avec le droit d'acces du SOAC. Land Reform Act 2003 et Code de 2005 inchanges. Seule evolution locale reperee : tarif du permis de camping des zones gerees de Loch Lomond & Trossachs releve a 4,50£/nuit en 2026 (hors perimetre de cette fiche).
UK;UK-IE;Loch Lomond and the Trossachs NP - Camping Management Zones;NP;variable;Exception au droit ecossais : byelaws 2017, du 1er mars au 30 septembre permis obligatoire (4,50 GBP/tente/nuit en 2026, reservation jusqu'a 4 semaines avant) dans les zones de gestion (moins de 4% du parc, rives des lochs), hors saison SOAC normal, amende jusqu'a 500 GBP;tolere - regles SOAC + consignes locales, rechaud recommande;West Highland Way (rive est du Loch Lomond en zone a permis);https://www.lochlomond-trossachs.org/things-to-do/camping/campingbyelaws/;2017;2026-09-07;FAIT;Tarif permis 2026 verifie. MAJ 2026-08-24 : source directe inaccessible ce run, recoupement reconfirme le tarif 4,50 GBP/tente/nuit. Une consultation publique sur la révision décennale des byelaws est ouverte jusqu'au 21/09/2026, à surveiller au prochain passage. MAJ 2026-09-07 : Acces direct bloque (contrainte reseau de la session), verification par recherche ciblee. Tarif 4,50 GBP/tente/nuit, saison 1/03-30/09 et amende jusqu'a 500 GBP reconfirmes via lochlomond-trossachs.org, consultation sur la revision des byelaws toujours ouverte jusqu'au 21/09/2026, aucun changement.
UK;UK-IE;Angleterre et Pays de Galles - regle generale;regle-generale;interdit;Pas de droit general au camping sauvage : sans permission du proprietaire c'est un trespass (civil), tolerance de fait en haute montagne (Eryri, Bannau Brycheiniog) si discretion totale, arrivee tard partir tot. Exception : sur le Dartmoor (Devon), la Cour supreme britannique a confirme en mai 2025 le droit au bivouac sans autorisation du proprietaire, seul cas de ce type en Angleterre et au Pays de Galles;interdit - feux ouverts interdits ou proscrits en pratique, rechaud;National Trails (Pennine Way, South West Coast Path, Coast to Coast) : prevoir campings ou permission prealable;https://osmaps.com/discover/guides/is-wild-camping-legal-in-england-wales/;2026;2026-09-20;FAIT;"Ordnance Survey = organisme public, guidance et non texte de loi ; l'URL getoutside.ordnancesurvey.co.uk redirige desormais vers osmaps.com (meme editeur), source_url mise a jour en consequence. MAJ 2026-08-31 : source directe inaccessible ce run (proxy), recoupement (BMC, ITV News, Bishop and Sewell, Open Spaces Society) confirme la règle inchangée, arrêt Dartmoor (Darwall v DNPA) daté avec précision au 21/05/2025. À surveiller sans impact actuel : un Wild Camping (Wales) Bill est en commission au Senedd, pas encore adopté."
UK;UK-IE;Dartmoor NP - droit au backpack camping;NP;autorise;Cour supreme 21/05/2025 (Darwall v Dartmoor NPA, decision definitive) : le camping sauvage est un droit sur les Dartmoor Commons via s.10(1) du Dartmoor Commons Act 1985, zones autorisees cartographiees par la DNPA, max 2 nuits consecutives (byelaws), tente portee a pied uniquement;interdit - feux interdits par les byelaws du parc, rechaud tolere;Two Moors Way, Dartmoor Way;https://www.thebmc.co.uk/en/supreme-court-rules-that-wild-camping-on-dartmoor-is-legal;2025-05-21;2026-09-21;FAIT;Seul territoire d'Angleterre-Galles avec droit au camping sauvage. MAJ 2026-08-24 : source directe inaccessible ce run, recoupement confirme l'arrêt Darwall v DNPA (UKSC, 21/05/2025) et la limite de 2 nuits consécutives, aucun changement. MAJ 2026-09-07 : Acces direct bloque (contrainte reseau de la session), verification par recherche ciblee. Arret Darwall v DNPA (Cour supreme, 21/05/2025) et limite de 2 nuits consecutives reconfirmes via plusieurs sources juridiques citant le jugement, aucun changement. MAJ 2026-09-21 : aucune evolution legislative ou judiciaire depuis l'arret Darwall du 21/05/2025. Le pourvoi de Darwall etait le dernier recours possible, desormais clos, aucun changement.
IE;UK-IE;Irlande - regle generale;regle-generale;interdit;Pas de droit d'acces general (pas de right to roam), quasi-totalite des terres privées, permission du proprietaire requise (trespass sinon), tolerance de fait en montagne isolee si discretion;tolere - pas d'interdiction nationale unique mais terrain prive et risque incendie de vegetation, rechaud conseille;Wicklow Way et Kerry Way traversent surtout des terres privées : permission, campings, ou les 3 abris Adirondack de la Wicklow Way (Mucklagh, Mullacor, Brusher's Gap);https://irelandwide.com/wild-camping-in-ireland/;2025;2026-09-14;HYPOTHESE;"Source secondaire, confirmer sur citizensinformation.ie MAJ 2026-08-10 : citizensinformation.ie (source officielle) confirme l'absence de droit de passage general et le statut permissif des waymarked trails, sans traiter explicitement du bivouac. Regle bivouac elle-meme toujours non confirmee par un texte officiel. MAJ 2026-08-24 : WebFetch bloqué ce run (proxy), mais recherche indexée pointe deux sources officielles/semi-publiques prometteuses non encore lues directement : nationalparks.ie (NPWS, wilderness camping du Wicklow Mountains NP hors Glendalough, plus de 400 m des routes/bâtiments, max 2 nuits) et coillte.ie (Coillte Recreation Policy, camping sous permission en forêt domaniale sauf 5 sites de bivouac désignés sur les National Waymarked Ways). À confirmer par lecture directe avant tout passage à FAIT. MAJ 2026-09-06 : source officielle partielle confirmee sur terrain domanial - la FAQ officielle de Coillte (societe d'Etat forestiere, coillte.ie/coillte-faqs/can-camp-coillte-forests/) precise camping autorise seulement sur emplacements limites : 2 camping/caravan parks et 5 sites de wild camping designes sur les longues distances, plus permis scouts/jeunes. Confirme la regle interdit-sauf-sites-designes sur les terres domaniales, coherente avec la fiche. Pour le reste du territoire (terrain prive, l'essentiel du pays), aucun texte unique de bivouac n'existe : la restriction decoule du droit de propriete (pas de right to roam), deja etabli via citizensinformation.ie. Statut laisse en HYPOTHESE faute de texte legislatif couvrant 100% du territoire ; coillte.ie ajoute comme source secondaire officielle. MAJ 2026-09-07 : citizensinformation.ie, nationalparks.ie et coillte.ie inaccessibles (blocage reseau systemique). Aucun texte legislatif nouveau couvrant 100% du territoire trouve pour le bivouac ; le detail Wicklow Mountains NP (500 m des routes/batiments, deplacement de la tente apres chaque 2e nuit) est confirme separement en ligne dediee (voir fiche Wicklow Mountains NP) et affine, sans contredire, la piste deja notee ici (400 m/max 2 nuits). Statut maintenu HYPOTHESE, le droit commun terrestre irlandais restant fonde sur l'absence de right to roam (citizensinformation.ie) plutot que sur un texte propre au bivouac. MAJ 2026-09-14 : confirmation supplementaire sur le volet domanial via coillte.ie/coillte-faqs : 7 sites designes au total identifies (2 camping/caravan parks a Lough Key et Curragh Chase, 5 wild camping spots sur Slieve Bloom Way x2, Kerry Way x1, Avondhu Way x1, Western Way x1), plus detaille qu'avant mais sans nouveau texte legislatif. Le terrain prive (l'essentiel du territoire) reste regi par l'absence de right to roam (citizensinformation.ie, deja confirme), aucun texte dedie au bivouac. Statut maintenu HYPOTHESE."
IE;UK-IE;Wicklow Mountains NP;NP;autorise;Wilderness camping autorise dans le parc SAUF vallee de Glendalough (interdiction totale), a plus de 500 m de toute route carrossable et de tout batiment, deplacer la tente apres 2 nuits, sans trace;interdit - aucun feu autorise (Wild Camping Code du parc);Wicklow Way;https://www.nationalparks.ie/wicklow/;2026;2026-09-07;FAIT;NPWS = agence publique, seule vraie zone de camping sauvage tolere officiellement en Irlande. MAJ 2026-08-24 : source directe inaccessible ce run, recoupement confirme l'interdiction totale à Glendalough et la distance de 500 m, aucun changement. MAJ 2026-09-07 : Acces direct bloque (contrainte reseau de la session), verification par recherche ciblee. Regles de nationalparks.ie reconfirmees quasi mot pour mot (500m route/batiment, deplacement apres 2 nuits, interdiction totale a Glendalough, pas de feu), aucun changement.
NO;SCAND;Norvege - allemannsretten (friluftsloven);regle-generale;autorise;Loi sur le plein air du 28/06/1957 : camping libre sur terres non cultivees (utmark), tente a 150 m minimum des maisons et cabanes habitees, 2 nuits max au meme endroit (davantage en haute montagne et zones eloignees), sans trace;interdit en saison - interdiction generale de feu ouvert en foret et a proximite du 15/04 au 15/09 (sauf endroit manifestement sans risque ou foyers amenages);Reseau DNT, Jotunheimen, Hardangervidda, Rondane, Besseggen;https://www.regjeringen.no/en/documents/outdoor-recreation-act/id172932/;1957-06-28;2026-09-14;FAIT;Traduction officielle de la loi sur regjeringen.no, regle feu confirmee par DNT. MAJ 2026-08-24 : source directe inaccessible ce run, recoupement confirme la règle des 150 m et l'interdiction de feu du 15/04 au 15/09, aucun changement. MAJ 2026-09-14 : aucune modification de la friluftsloven de 1957 identifiee pour 2026. Regle des 150 m et interdiction de feu du 15/04 au 15/09 inchangees, seul un durcissement de l'application locale par les services d'incendie est signale (pas le texte lui-meme).
NO;SCAND;Lofoten - reglements locaux de comportement;cas-particulier;variable;Friluftsforskrift for Lofoten (Lovdata, forskrift n 2021-06-22-2418, communes de Rost, Vaeroy, Moskenes, Flakstad, Vestvagoy, Vagan), paragraphe 5 (Telting og overnatting) : camping et bivouac autorises en zone sauvage a au moins 150 m des maisons/cabanes habitees, sauf zones d'interdiction totale ou limitee listees aux paragraphes 5-1 et 5-2 (carte officielle du Lofoten Friluftsrad), consentement du proprietaire obligatoire au-dela de 2 nuits, SAUF en haute montagne (hoyfjellet) et dans les zones eloignees de toute habitation ou ce consentement n'est pas requis. Modification du 13 juin 2022 (forskrift 2022-06-13-1031) ayant cree une zone de camping desormais autorisee a la plage sous la montagne (Vagan).;variable - interdiction nationale 15/04-15/09 + sensibilite locale extreme, rechaud;Sommets et plages des Lofoten (Reinebringen, Ryten, Kvalvika), Lofoten stien;https://lovdata.no/dokument/LF/forskrift/2021-06-22-2418/%C2%A75;2021-06-22;2026-09-20;FAIT;Texte officiel Lovdata (forskrift regionale, modifiee le 13/06/2022) remplace la source touristique precedente. MAJ 2026-08-31 : source directe inaccessible ce run (proxy), mais un résultat de recherche cite/reproduit textuellement le §5 (150 m, exception haute montagne/zones éloignées), recoupé avec la carte officielle du Lofoten Friluftsråd. Zones d'interdiction totale du §5-1 (mai-octobre, sauf Haukland en interdiction permanente) : Vågan (Stranda under fjellet, Kalle, Rørvika), Moskenes (Hamnøyvannet, Olenilsøya, Andøya, Vindstad, Tennès og Veines, Bollhaugen, Reinebringen/Reinevatnet, Reine, Moskenesvatnet, Stuvdalsvatnet, Sørvågvatnet, Tindselva, Båstadvika, Langhaugen), Vestvågøy (Haukland, toute l'année). L'amendement 2022-06-13-1031 n'a fait qu'ajuster la carte pour une zone de Vågan (camping autorisé dans un périmètre délimité), sans changer la doctrine générale.
SE;SCAND;Suede - allemansratten;regle-generale;autorise;Droit d'acces a valeur constitutionnelle (RF 2:15) encadre par la pratique et Naturvardsverket : camper 1-2 nuits sur terre non cultivee, loin des habitations et des cultures, petits groupes sans permission du proprietaire, regles derogatoires dans parcs nationaux et reserves naturelles;tolere - feu admis si conditions sures (sol sable ou gravier, foyers existants), interdictions temporaires frequentes (eldningsforbud) par les prefectures;Kungsleden hors zones protegees, Sormlandsleden, Skaneleden;https://www.naturvardsverket.se/en/topics/the-right-of-public-access/;2025;2026-09-14;FAIT;Handbook Naturvardsverket edition 2025. MAJ 2026-08-24 : source directe inaccessible ce run, recoupement confirme que l'édition 2025 reste la référence en ligne, aucun changement. MAJ 2026-09-14 : aucune modification legislative confirmee. Une etude commanditee par Naturvardsverket propose des pistes de reforme de l'allemansratten, sans traduction en texte de loi a ce jour. RF 2:15 et le handbook 2025 restent la reference.
SE;SCAND;Abisko NP - Kungsleden nord (Laponie);NP;interdit;Dans le parc national d'Abisko l'allemansratten est suspendu par le reglement du parc : camping interdit sauf 3 emplacements designes (STF Abisko Turiststation, pont de Nissunjohka, cabanes d'Abiskojaure);interdit - feux interdits sauf foyers designes, grils interdits, rechaud autorise;Kungsleden (etape Abisko-Abiskojaure);https://www.sverigesnationalparker.se/en/parks/abisko-national-park/visit-the-park/staying-in-the-park;2026;2026-09-20;FAIT;Les autres réserves de Laponie (Vindelfjällen, Sjaunja...) ont chacune leur propre règlement. MAJ 2026-08-31 : source directe inaccessible ce run (proxy), recoupement (outdoorproffs.se, lansstyrelsen.se) confirme les 3 emplacements désignés (STF Abisko Turiststation, Nissonjohka, cabanes d'Abiskojaure), aucun changement.
FI;SCAND;Finlande - jokamiehenoikeus;regle-generale;autorise;Droit coutumier reconnu par la legislation : campement temporaire autorise sur terre non cultivee a distance raisonnable des habitations et chalets, pas de passage dans les champs en periode de culture, restrictions specifiques dans parcs nationaux et reserves (camper aux emplacements designes);interdit sans permission - le feu ouvert n'est PAS couvert par le droit de chacun, permission du proprietaire requise (sauf urgence), interdit en alerte incendie, rechaud libre;Karhunkierros, sentiers de Laponie (Hetta-Pallas, UKK), parcs Metsahallitus;https://www.luontoon.fi/en/activities/hiking-and-outdoor-recreation/everymans-rights;2026;2026-09-14;FAIT;Luontoon.fi = Metsahallitus (agence publique des espaces naturels). MAJ 2026-08-24 : source directe inaccessible ce run, recoupement confirme la règle inchangée (feu soumis à permission du propriétaire, camping aux emplacements désignés dans les parcs). MAJ 2026-09-14 : seul changement identifie est terminologique (Metsahallitus prefere desormais « Everyone's Rights » a « Everyman's Rights »), aucun changement de fond sur le regime du feu ni sur les campements designes dans les parcs.
IS;IS;Islande - loi nature 60/2013;regle-generale;interdit;Loi de conservation de la nature 60/2013 (en vigueur nov. 2015) : camping-cars, caravanes et vans interdits hors campings organises et zones urbaines sauf accord du proprietaire, exception tente classique : 1 nuit max sur terre non cultivee le long d'un itineraire SI aucun camping a proximite et pas d'interdiction signalee, plus de 3 tentes = permission du proprietaire;interdit - feu ouvert tres restreint (vegetation et sols fragiles), rechaud, interdictions renforcees en zones protegees;Hautes Terres : la plupart des zones sont protegees avec campings designes obligatoires;https://ust.is/english/visiting-iceland/travel-information/where-can-you-camp/;2015-11;2026-09-20;FAIT;Agence env. (UST) scindee au 01/01/2025 en 2 agences, URL susceptible de migrer. MAJ 2026-08-31 : source directe inaccessible ce run (proxy), règle 60/2013 reconfirmée inchangée par recoupement. Scission précisée : UST dissoute le 31/12/2024, remplacée au 01/01/2025 par Umhverfis- og orkustofnun (énergie/environnement) et Náttúrverndarstofnun (aires protégées, dont Fjallabak). ust.is reste actif à titre transitoire, migration vers nattura.is annoncée mais pas effective.
IS;IS;Laugavegur - Fjallabak et Thorsmork;cas-particulier;interdit;Camping uniquement aux campings designes pres des refuges : 8 campings sur l'itineraire dont Landmannalaugar (reserve naturelle de Fjallabak) et 3 a Thorsmork, camping sauvage interdit sur tout le trek, pre-reservation fortement recommandee depuis 2026 (Ferdafelag Islands);interdit - aucun feu, rechaud seulement, tout dechet remporte;Laugavegur, Fimmvorduhals;https://www.fi.is/en/mountain-huts/camping;2026;2026-09-20;FAIT;FI = club de randonnee officiel gestionnaire des refuges et campings. MAJ 2026-08-31 : source directe inaccessible ce run (proxy), recoupement confirme les 8 campings (1 Landmannalaugar + 3 Þórsmörk) et la pré-réservation 2026 fortement recommandée, aucun changement.
SI;SI-HR;Slovenie - regle generale;regle-generale;interdit;Nouvelle base legale ZJRM-2 depuis le 28/01/2026 environ (le sejour de nuit non autorise sur un lieu public ou accessible genant autrui est sanctionne, amende 100 a 500 EUR), regime TNP distinct et plus strict maintenu. ZJRM-2 adoptee le 17/12/2025, publiee au Uradni list RS (2025-01-3978), entree en vigueur vers le 28/01/2026, remplace ZJRM-1 dont l'article 18 visait explicitement le kampiranje. Nouvel article 18 : amende de 100 a 500 EUR pour sejour de nuit non autorise genant autrui sur lieu public ou accessible, controle police et inspecteurs communaux, communes habilitees a reglementer le stationnement nocturne des vehicules. Dans le Parc National du Triglav (TNP, 11 communes des Alpes Juliennes), regime distinct et plus severe (ZTNP-1) toujours en vigueur, amendes unifiees elevees, cumulables au-dela de 10000 EUR en cas de recidive.;interdit - feux ouverts interdits hors emplacements amenages;Via Alpina, Juliana Trail, Slovenska planinska pot : prevoir refuges (PZS) et campings;https://www.uradni-list.si/glasilo-uradni-list-rs/vsebina/2025-01-3978/zakon-o-varstvu-javnega-reda-in-miru-zjrm-2;2025-12;2026-09-20;FAIT;Base legale exacte (uredba/zakon et montants) a confirmer sur pisrs.si. MAJ 2026-08-10 : ZJRM-2 remplace ZJRM-1 (source officielle Uradni list). MAJ 2026-08-31 : source directe inaccessible ce run (proxy), mais recoupement fort (IUS-INFO, Tax-Fin-Lex, citations de l'Uradni list RS n°112/2025) confirme le texte quasi littéral de l'article (amende 100-500 EUR pour séjour de nuit non autorisé gênant autrui) et l'entrée en vigueur précise au 28/01/2026 (adoption 17/12/2025). Régime TNP confirmé distinct : amende sur place garde du parc 100 EUR / agent municipal 500 EUR, fourchette individus jusqu'à 1000 EUR, personnes morales jusqu'à 5000 EUR (sources presse 2026, pas de barème TNP officiel distinct localisé).
SI;SI-HR;Triglav NP;NP;interdit;Loi ZTNP-1 (2010) : camping et bivouac interdits hors zones designees (art. 13), stationnement nocturne de vehicules amenages interdit hors zones designees, rangers et police en controle frequent, amendes 100-1000 EUR pour un individu (art. 64 ZTNP-1), baignade interdite dans les lacs alpins du 1er regime de protection;interdit - feux strictement interdits dans le parc;Ascension du Triglav, Juliana Trail, vallees de Bohinj et Trenta : 41 refuges et 10 bivouacs d'urgence;https://www.tnp.si/en/visiting-park/information-for-visitors/code-of-conduct/;2010;2026-09-21;FAIT;"Seul le bivouac d'urgence est tolere, montants d'amendes = sources secondaires. MAJ 2026-08-24 : source directe inaccessible ce run, recoupement confirme la règle inchangée. MAJ 2026-09-07 : Acces direct bloque (contrainte reseau de la session), verification par recherche ciblee. Code de conduite tnp.si reconfirme (41 refuges/10 bivouacs, baignade interdite) ; le texte de l'article 64 ZTNP-1 (via zakonodaja.com) fixe l'amende individuelle a 100-1000 EUR et non 200-1000 EUR comme en fiche, corrige. La depenalisation nationale du camping sauvage en Slovenie (ZJRM-2, 28/01/2026) ne s'applique pas dans le parc, ou la loi ZTNP-1 reste pleinement en vigueur. MAJ 2026-09-21 : reglementation du parc reconfirmee inchangee (ZTNP-1, amende 100-1000 EUR) par recoupement (contenu indexe de tnp.si, WebFetch bloque ce run). A noter, hors regime du parc : les communes limitrophes discutent une amende communale unifiee de 500 EUR pour camping sauvage en dehors du parc (situation au 03/06/2026), distincte du regime TNP."
BE;BENELUX;Wallonie - reseau officiel d'aires de bivouac;regle-generale;variable;Camping sauvage interdit par defaut (Code forestier wallon) mais reseau officiel d'environ 30 aires de bivouac reconnues par le DNF : gratuites, 1 nuit (max 2 consecutives), tentes legeres montees apres 17h demontees avant 10h, reservees randonneurs cyclistes cavaliers, carte complete sur bivakzone.be;interdit - feu strictement interdit sur les aires, rechaud autorise;GR d'Ardenne (GR®57, GR®571, GR AE), Escapardenne;https://parcsnaturelsdewallonie.be/wp-content/uploads/pdf_legacy/bivouacs-bd.pdf;2026;2026-09-07;FAIT;Document institutionnel non date, croiser avec bivakzone.be pour la liste a jour. MAJ 2026-08-24 : source directe inaccessible ce run, sources secondaires citent environ 27 aires et un horaire 16h-10h contre 30 aires et 17h-10h en fiche. Écarts non confirmés sur le document officiel, fiche laissée inchangée, à revérifier directement au prochain passage. MAJ 2026-09-07 : Acces direct bloque (contrainte reseau de la session), verification par recherche ciblee. Horaires 17h-10h reconfirmes (resout l'ecart de 16h-10h releve au run precedent) et nombre d'aires d'environ 29 en 2025 avec extension prevue en 2026 (Vallee de la Semois), coherent avec 'environ 30' en fiche, aucun changement.
NL;BENELUX;Pays-Bas - paalkamperen;regle-generale;interdit;Camping sauvage interdit aux Pays-Bas, le reseau historique de paalkamperen de Staatsbosbeheer (17 terrains gratuits, 3 tentes max dans un rayon de 10 m du poteau, 72h max) a ete ferme DEFINITIVEMENT en 2020, il subsiste quelques poteaux prives ou communaux;interdit - feu ouvert interdit, rechaud seulement;Pieterpad, Marskramerpad : prevoir campings nature;https://www.staatsbosbeheer.nl/wat-we-doen/nieuws/2020/05/sluiten-paalkampeerterreinen;2020-05;2026-09-20;FAIT;Attention : beaucoup de guides en ligne presentent encore le reseau Staatsbosbeheer comme actif. MAJ 2026-08-31 : source directe inaccessible ce run (proxy), recoupement (Wikipedia NL, nkbv.nl) confirme la fermeture définitive fin mai 2020, aucun changement.
LU;BENELUX;Luxembourg - regle generale et Mullerthal;regle-generale;interdit;Camping sauvage interdit, permission du proprietaire requise sur terrain prive, quelques zones de bivouac designees dans le pays, sur le Mullerthal Trail le bivouac est interdit (campings et hebergements a proximite du trace, reserver tot);interdit - feu interdit en foret;Mullerthal Trail, Escapardenne Lee Trail;https://autotouring.acl.lu/en/where-is-camping-allowed-in-europe/;2025;2026-09-14;HYPOTHESE;"Base legale exacte a confirmer sur legilux.public.lu, liste des zones bivouac a etablir. MAJ 2026-08-10 : loi du 11/07/1957 (legilux.public.lu, officielle) trouvee, mais elle encadre l'autorisation des terrains de camping organises et ne confirme pas explicitement l'interdiction du camping sauvage individuel. Reglement grand-ducal d'application et regime Mullerthal/Escapardenne restent a trouver. MAJ 2026-08-24 : recherche de la loi du 18/07/2018 sur la protection de la nature (environnement.public.lu) sans article spécifique au camping sauvage trouvé. Interdiction sur le Mullerthal Trail toujours sourcée uniquement par du tourisme secondaire (mullerthal-trail.lu, mullerthal.lu), aucun règlement propre au parc localisé. WebFetch bloqué ce run (proxy), toujours à confirmer par lecture directe. MAJ 2026-09-06 : nouvelle recherche (legilux.public.lu, environnement.public.lu, Naturpark Mellerdall) toujours infructueuse. Un article d'investigation de journal.lu (media serieux, non officiel) confirme que la loi de 1957 sur le camping ne couvre pas le camping sauvage en foret domaniale (~moitie des forets du pays) et qu'une eventuelle interdiction resterait a localiser dans la legislation. Aucun reglement grand-ducal specifique au Mullerthal Trail trouve. Statut maintenu HYPOTHESE. MAJ 2026-09-07 : legilux.public.lu (y compris data.legilux.public.lu), environnement.public.lu et mullerthal.lu inaccessibles (blocage reseau systemique). Deux reglements grand-ducaux du 01/08/2018 identifies comme piste (potentiellement pertinents) mais contenu illisible en l'etat (pages JS non indexees) ; aucun article camping sauvage/bivouac trouve dans la loi du 18/07/2018. Statut maintenu HYPOTHESE, piste des reglements grand-ducaux d'application a creuser au prochain passage si l'acces reseau est retabli. MAJ 2026-09-14 : les 3 reglements grand-ducaux du 01/08/2018 (a774, a772, a682) restent identifies comme piste mais leur contenu demeure illisible (pages legilux.public.lu necessitant JS, non indexees en texte). Une source confirme par ailleurs que les forets luxembourgeoises sont en principe ouvertes et accessibles a tous mais sans veritable droit d'acces legal, sans trancher la question du bivouac. Aucun article camping sauvage/bivouac localise ce run. Statut maintenu HYPOTHESE."
AT;AT;Salzburg (Land);regle-generale;variable;Pas d'interdiction generale du camping sauvage au niveau du Land mais les communes peuvent l'interdire (appreciation du bourgmestre), la loi de protection de la nature de Salzbourg protege l'Odland alpin au-dessus de la limite forestiere (activites impactantes soumises a autorisation), se renseigner aupres de la commune, bivouac d'urgence toujours tolere;variable - feu en foret interdit (Forstgesetz federal 1975), risque incendie;Arnoweg, Hohe Tauern (NP : camping interdit);https://www.ris.bka.gv.at/NormDokument.wxe?Abfrage=LrSbg&Gesetzesnummer=20000849&Paragraf=15;2023-03-10;2026-09-14;HYPOTHESE;"A confirmer sur le texte du Salzburger Naturschutzgesetz (ris.bka.gv.at). MAJ 2026-08-10 : texte officiel localise (version consolidee au 12/06/2026), paragraphe 24 protege l'Odland alpin (coherent avec la fiche), mais portee exacte du paragraphe 15 sur une interdiction generale du camping non confirmee. Verifier aussi le Salzburger Campingplatzgesetz (S.CampG) lors de la prochaine lecture. MAJ 2026-09-07 : ris.bka.gv.at toujours inaccessible (blocage reseau systemique). Recherche relocalise la base legale precise du pouvoir d'interdiction communale au paragraphe 15 du Salzburger Campingplatzgesetz (S.CampG) 2013, plutot qu'une clause du Naturschutzgesetz ; le paragraphe 24 Naturschutzgesetz (protection de l'Odland alpin) reste confirme par ailleurs. Piste a lire directement avant integration, statut maintenu HYPOTHESE. MAJ 2026-09-14 : deux paragraphes cles retrouves avec numero d'article via jusline.at (reproduction du texte consolide RIS) : le paragraphe 15 du Salzburger Campingplatzgesetz (S.CampG), et non une clause du seul Naturschutzgesetz, donne au Gemeinderat (conseil communal) le pouvoir de reglementer/interdire par Verordnung le camping hors campings ; le paragraphe 24 du Naturschutzgesetz 1999 protege ex lege l'Odland alpin (deja connu). Citation plus precise que les runs precedents mais toujours non lue directement sur ris.bka.gv.at (bloque ce run) : source_url mis a jour vers le paragraphe 15 S.CampG, conditions volontairement laissees inchangees, statut maintenu HYPOTHESE."
AT;AT;Styrie (Steiermark);regle-generale;variable;Pas de reglementation du Land visant explicitement le camping : au-dessus de la limite des arbres une nuit est generalement admise (loi styrienne sur la liberte d'acces en zone de montagne + loi de protection de la nature), au-dela d'une nuit autorisation requise, bivouac d'urgence toujours tolere;variable - feu en foret interdit (Forstgesetz federal);Zentralalpenweg, Schladminger Tauern, Hochschwab;https://www.ris.bka.gv.at/NormDokument.wxe?Abfrage=LrStmk&Gesetzesnummer=20000211&Paragraf=1;2024-11-26;2026-09-14;HYPOTHESE;A confirmer sur le Steiermarkisches Naturschutzgesetz (ris.bka.gv.at). MAJ 2026-08-10 : textes precis identifies mais non lus directement (acces bloque) : Steiermarkisches Naturschutzgesetz 2017 (StNSchG 2017) et Steiermarkisches Berg- und Naturwachtgesetz 2024 (art. 20), plus Wegefreiheitsgesetz 1921. Des sources secondaires evoquent une suppression en 2017 d'une clause autorisant le camping en tente hors hameaux sur autorisation, ce qui rendrait la regle plus restrictive : a verifier par lecture directe. MAJ 2026-09-07 : ris.bka.gv.at toujours inaccessible (blocage reseau systemique). Recherche reconfirme sans lecture directe la suppression en 2017 de la clause autorisant les camps de tentes hors fermes/villages au-dela d'une nuit (regime plus restrictif, coherent avec la fiche) et l'acces libre a l'Odland alpin via le Wegefreiheitsgesetz 1921. StNSchG 2017 et Berg- und Naturwachtgesetz 2024 toujours non lus directement, statut maintenu HYPOTHESE. MAJ 2026-09-14 : decouverte d'une base legale plus directement pertinente que celles suivies jusqu'ici. Une novelle du Steiermarkisches Landes-Sicherheitsgesetz (StLSG), entree en vigueur pour l'essentiel le 26/11/2024 (complements le 13/08/2025), donnerait aux communes le pouvoir explicite d'interdire par reglement l'installation de tentes/caravanes/camping-cars hors campings (paragraphe 1 StLSG), amende jusqu'a 5000 EUR (paragraphe 4 StLSG). Contenu et dates concordants sur plusieurs pages officielles du Land Steiermark (news.steiermark.at, kommunikation.steiermark.at, drexler.steiermark.at) et sur jusline.at, mais aucune n'a ete lue directement (WebFetch bloque ce run) : source_url mis a jour vers cette reference plus precise, conditions volontairement laissees inchangees, statut maintenu HYPOTHESE.
FR;FR-ALPES-N;RNN des Contamines-Montjoie (lacs Jovet et Plan Jovet);reserve;interdit;Bivouac interdit en dessous de 2500 m du 15 juin au 15 septembre selon l'arrete prefectoral DDT-2026-0474 du 4 juin 2026 (campagne 2026), un second arrete DDT-2026-0472 du meme jour couvrant Aiguilles Rouges/Carlaveyron/Vallon de Berard. Reserve distincte de la RNN de Sixt-Fer-a-Cheval/Passy, ne pas confondre les deux regimes.;non detaille par cette source, se referer au regime general haut-savoyard;Tour du Mont-Blanc (variante lacs Jovet);https://www.haute-savoie.gouv.fr/Actions-de-l-Etat/Vos-loisirs/Montagne-en-ete/RNN-des-Contamines-Montjoie-lacs-Jovet-et-plan-Jovet-une-nouvelle-reglementation;2026-06-04;2026-09-14;HYPOTHESE;Ligne creee le 2026-09-14 suite a la reverification de la fiche RNN de Sixt-Passy : les mentions historiques « Lac Jovet » et « Plan Jovet » qui y figuraient semblent en realite relever de cette reserve distincte (Contamines-Montjoie), pas de Sixt-Fer-a-Cheval/Passy, avec des dates d'interdiction differentes (15 juin-15 septembre, contre 1er juillet-31 aout historiquement cite pour Sixt-Passy). Source identifiee via WebSearch (page officielle haute-savoie.gouv.fr et PDF de l'arrete signe heberge par la mairie des Contamines-Montjoie), non confirmee par lecture directe (WebFetch bloque ce run) : statut HYPOTHESE. A lire en priorite au prochain passage si l'acces reseau se retablit, l'enjeu (dates erronees pour un randonneur) justifiant une verification humaine avant toute affirmation definitive.
IT;IT-DOLOMITES;Cortina d'Ampezzo (centre-ville) - ordonnance anti-bivouac;cas-particulier;interdit;Ordonnance municipale n°144 du 13 aout 2026 (en vigueur jusqu'au 15 octobre 2026) interdisant notamment le bivouac, le camping et le coucher sur l'espace public communal, distincte du reglement du parc naturel des Dolomites d'Ampezzo qui couvre le territoire protege environnant.;non traite par cette ordonnance;Alta Via 1 Dolomiti (acces/traversee du centre-ville);https://www.ansa.it/veneto/notizie/2026/08/14/dai-bivacchi-allabbigliamento-cortina-stringe-sul-turismo-cafone_7060d91d-161f-46ae-86d2-809237dca6a3.html;2026-08-13;2026-09-14;HYPOTHESE;Ligne creee le 2026-09-14, ordonnance reperee par 3 sources de presse concordantes (ANSA, il Dolomiti, il Gazzettino) citant son numero, sa date de signature et sa duree de validite, amendes annoncees de 25 a 500 EUR. Pas de PDF officiel de l'ordonnance retrouve ni de lecture directe possible (WebFetch bloque ce run) : statut HYPOTHESE, a confirmer sur le site de la commune de Cortina d'Ampezzo au prochain passage.
