FR;FR-MC;RNN Chastreix-Sancy;reserve;interdit;Camping et bivouac interdits (amende 68 EUR, 1500 EUR si feu), bivouac scientifique sur autorisation prefectorale uniquement, aires de bivouac amenagees hors reserve dans le massif du Sancy;interdit;GR®4, GR®30;https://www.legifrance.gouv.fr/loda/id/JORFTEXT000000824283/;2007-07-13;2026-09-21;FAIT;Décret 2007-1091, versant sud du Sancy. MAJ 2026-09-21 : decret 2007-1091 confirme toujours en vigueur (recoupement Legifrance/AIDA via WebSearch, lecture directe bloquee ce run), seule modification identifiee (decret 2023-450, alpinisme hivernal) sans impact sur la regle bivouac.
FR;FR-CORSE;RNN de Scandola;reserve;interdit;Camping et bivouac totalement interdits, zone integrale sans debarquement, survol sous 1000 m interdit;interdit;Mare e Monti (proximite);https://www.pnr.corsica/fr/patrimoine-naturel-culturel/gestion-des-sites/scandola;1975-12-09;2026-09-21;FAIT;Décret 75-1128, en cours de révision (enquête publique 2025). MAJ 2026-09-21 : la revision du decret de 1975 reste au stade de projet (discussions en cours mi-2026 selon France 3 et les prefectures corses), aucun nouveau decret publie. Un plan de regulation (formations professionnelles des le 04/05/2026, QR codes) demarre en parallele sans attendre le decret. Regle d'interdiction totale du bivouac inchangee.
ES;ES-NAV-RIO-ARA;PN Posets-Maladeta;parc-naturel;tolere;Pernocta avec ou sans tente autorisee au-dessus de 2000 m, 20h-8h, une nuit par emplacement, interdit a moins de 500 m des refuges gardes (La Renclusa, Angel Orus), terrain prive = accord du proprietaire;interdit;GR®11-ES, HRP;https://www.aragon.es/-/parque-natural-de-posets-maladeta;2014-10-21;2026-09-20;HYPOTHESE;PRUG Decreto 168/2014 Gobierno de Aragón. MAJ 2026-08-31 : source directe inaccessible ce run (proxy), recoupement (montanaregulada.org, aragonhoy.es, boa.aragon.es) confirme le décret toujours en vigueur, aucun changement. MAJ 2026-09-20 : page source lue directement (HTTP 200) mais entièrement refondue en portail générique du parc (liste de sentiers/PDF infrastructures), elle ne contient plus aucun texte sur la pernocta/acampada (aucune mention de 2000 m, horaires, distance aux refuges) ; seul lien restant vers une page normative générique aragon.es sans détail Posets-Maladeta. Règle conservée telle quelle (dernière confirmation textuelle directe du PRUG Decreto 168/2014 remontant à 2014), statut repassé en HYPOTHESE faute de source officielle affichant encore le contenu réglementaire précis. À rechercher au prochain run : le PRUG ou son arrêté publié en PDF sur boa.aragon.es.
ES;ES-CAT;PN de l'Alt Pirineu;parc-naturel;tolere;Acampada en mode haute montagne au-dessus de 2000 m, 20h-8h, une nuit par emplacement, tente non montee en journee (8h-20h) : AUCUNE autorisation prealable requise pour cette modalite. En dessous de 2000 m, hors horaires 20h-8h, plus d'un jour au meme endroit, ou plus de 3 tentes groupees : autorisation nominative prealable obligatoire (demande gencat ~15 jours avant, liste des participants nom/prenom/n° ID) aupres du Parc ET du proprietaire du terrain, delivree pour motifs educatifs/scientifiques/gestion du milieu naturel;interdit;GR®11-ES;https://parcsnaturals.gencat.cat/en/xarxa-de-parcs/alt-pirineu/gaudeix-del-parc/consells/regulacio-activitats/index.html;2018-12-13;2026-09-14;HYPOTHESE;Accord Junta Rectora 13/12/2018, plus restrictif que Posets-Maladeta. Re-verification du 17/08/2026 : trois recherches independantes convergent pour indiquer que la modalite haute montagne (>2000 m, une nuit) ne necessiterait PAS d'autorisation nominative prealable. MAJ 2026-08-31 : deuxieme passage independant, trois nouvelles recherches confirment le meme constat par un extrait synthetise de la page officielle elle-meme (« no és necessària l'autorització de l'òrgan gestor del Parc » pour cette modalite), conditions mises a jour en consequence, mais statut laisse en HYPOTHESE faute de lecture humaine directe de la page ou de la brochure PDF (parcsnaturals.gencat.cat/.../Fullet-acampada-CATvd.pdf), a faire avant de passer en FAIT vu l'enjeu amende. MAJ 2026-09-07 : parcsnaturals.gencat.cat inaccessible (blocage reseau systemique, y compris le PDF Fullet-acampada). Troisieme recherche independante reconfirme par citation quasi identique l'absence d'autorisation nominative requise pour la modalite haute montagne (>2000 m, une nuit). Statut maintenu HYPOTHESE faute de lecture humaine directe de la page ou de la brochure officielle. MAJ 2026-09-14 : quatrieme run independant (apres 17/08, 31/08, 07/09) reconfirmant a l'identique, via extraits attribues a la page officielle gencat, l'absence d'autorisation nominative requise pour la modalite haute montagne (>2000 m, une nuit, 20h-8h). Convergence tres stable sur 4 recherches independantes espacees dans le temps. Statut maintenu HYPOTHESE faute de lecture humaine directe de la page ou de la brochure officielle (WebFetch bloque ce run).
UK;UK-IE;Ecosse - droit d'acces responsable;regle-generale;autorise;Land Reform (Scotland) Act 2003 + Scottish Outdoor Access Code (2005) : camping sauvage leger legal sur la plupart des terres, petits groupes, 2-3 nuits max au meme endroit, loin des habitations, routes et champs clotures, sans trace;tolere - petits feux controles admis par le Code hors periodes seches, rechaud recommande;West Highland Way, Cape Wrath Trail, Great Glen Way, Skye Trail;https://www.outdooraccess-scotland.scot/act-and-access-code/land-reform-act/land-reform-act-legal;2005;2026-09-14;FAIT;Rare pays europeen ou le camping sauvage est un droit legal explicite. MAJ 2026-08-24 : source directe inaccessible ce run, recoupement confirme le Land Reform Act 2003 et le SOAC toujours en vigueur, aucun changement. MAJ 2026-09-14 : Land Reform (Scotland) Act 2025 (sanction royale 16/12/2025) entre en vigueur partiellement en 2026, mais ses articles portent sur les commissaires fonciers et un bail-type pour les huttes, sans lien avec le droit d'acces du SOAC. Land Reform Act 2003 et Code de 2005 inchanges. Seule evolution locale reperee : tarif du permis de camping des zones gerees de Loch Lomond & Trossachs releve a 4,50£/nuit en 2026 (hors perimetre de cette fiche).
UK;UK-IE;Loch Lomond and the Trossachs NP - Camping Management Zones;NP;variable;Exception au droit ecossais : byelaws 2017, du 1er mars au 30 septembre permis obligatoire (4,50 GBP/tente/nuit en 2026, reservation jusqu'a 4 semaines avant) dans les zones de gestion (moins de 4% du parc, rives des lochs), hors saison SOAC normal, amende jusqu'a 500 GBP;tolere - regles SOAC + consignes locales, rechaud recommande;West Highland Way (rive est du Loch Lomond en zone a permis);https://www.lochlomond-trossachs.org/things-to-do/camping/campingbyelaws/;2017;2026-09-07;FAIT;Tarif permis 2026 verifie. MAJ 2026-08-24 : source directe inaccessible ce run, recoupement reconfirme le tarif 4,50 GBP/tente/nuit. Une consultation publique sur la revision decennale des byelaws est ouverte jusqu'au 21/09/2026, a surveiller au prochain passage. MAJ 2026-09-07 : Acces direct bloque (contrainte reseau de la session), verification par recherche ciblee. Tarif 4,50 GBP/tente/nuit, saison 1/03-30/09 et amende jusqu'a 500 GBP reconfirmes via lochlomond-trossachs.org, consultation sur la revision des byelaws toujours ouverte jusqu'au 21/09/2026, aucun changement.
UK;UK-IE;Angleterre et Pays de Galles - regle generale;regle-generale;interdit;Pas de droit general au camping sauvage : sans permission du proprietaire c'est un trespass (civil), tolerance de fait en haute montagne (Eryri, Bannau Brycheiniog) si discretion totale, arrivee tard partir tot. Exception : sur le Dartmoor (Devon), la Cour supreme britannique a confirme en mai 2025 le droit au bivouac sans autorisation du proprietaire, seul cas de ce type en Angleterre et au Pays de Galles;interdit - feux ouverts interdits ou proscrits en pratique, rechaud;National Trails (Pennine Way, South West Coast Path, Coast to Coast) : prevoir campings ou permission prealable;https://osmaps.com/discover/guides/is-wild-camping-legal-in-england-wales/;2026;2026-09-20;FAIT;"Ordnance Survey = organisme public, guidance et non texte de loi ; l'URL getoutside.ordnancesurvey.co.uk redirige desormais vers osmaps.com (meme editeur), source_url mise a jour en consequence. MAJ 2026-08-31 : source directe inaccessible ce run (proxy), recoupement (BMC, ITV News, Bishop and Sewell, Open Spaces Society) confirme la regle inchangee, arret Dartmoor (Darwall v DNPA) date avec precision au 21/05/2025. A surveiller sans impact actuel : un Wild Camping (Wales) Bill est en commission au Senedd, pas encore adopte."
UK;UK-IE;Dartmoor NP - droit au backpack camping;NP;autorise;Cour supreme 21/05/2025 (Darwall v Dartmoor NPA, decision definitive) : le camping sauvage est un droit sur les Dartmoor Commons via s.10(1) du Dartmoor Commons Act 1985, zones autorisees cartographiees par la DNPA, max 2 nuits consecutives (byelaws), tente portee a pied uniquement;interdit - feux interdits par les byelaws du parc, rechaud tolere;Two Moors Way, Dartmoor Way;https://www.thebmc.co.uk/en/supreme-court-rules-that-wild-camping-on-dartmoor-is-legal;2025-05-21;2026-09-21;FAIT;Seul territoire d'Angleterre-Galles avec droit au camping sauvage. MAJ 2026-08-24 : source directe inaccessible ce run, recoupement confirme l'arret Darwall v DNPA (UKSC, 21/05/2025) et la limite de 2 nuits consecutives, aucun changement. MAJ 2026-09-07 : Acces direct bloque (contrainte reseau de la session), verification par recherche ciblee. Arret Darwall v DNPA (Cour supreme, 21/05/2025) et limite de 2 nuits consecutives reconfirmes via plusieurs sources juridiques citant le jugement, aucun changement. MAJ 2026-09-21 : aucune evolution legislative ou judiciaire depuis l'arret Darwall du 21/05/2025. Le pourvoi de Darwall etait le dernier recours possible, desormais clos, aucun changement.
IE;UK-IE;Irlande - regle generale;regle-generale;interdit;Pas de droit d'acces general (pas de right to roam), quasi-totalite des terres privees, permission du proprietaire requise (trespass sinon), tolerance de fait en montagne isolee si discretion;tolere - pas d'interdiction nationale unique mais terrain prive et risque incendie de vegetation, rechaud conseille;Wicklow Way et Kerry Way traversent surtout des terres privees : permission, campings, ou les 3 abris Adirondack de la Wicklow Way (Mucklagh, Mullacor, Brusher's Gap);https://irelandwide.com/wild-camping-in-ireland/;2025;2026-09-14;HYPOTHESE;"Source secondaire, confirmer sur citizensinformation.ie MAJ 2026-08-10 : citizensinformation.ie (source officielle) confirme l'absence de droit de passage general et le statut permissif des waymarked trails, sans traiter explicitement du bivouac. Regle bivouac elle-meme toujours non confirmee par un texte officiel. MAJ 2026-08-24 : WebFetch bloque ce run (proxy), mais recherche indexee pointe deux sources officielles/semi-publiques prometteuses non encore lues directement : nationalparks.ie (NPWS, wilderness camping du Wicklow Mountains NP hors Glendalough, plus de 400 m des routes/batiments, max 2 nuits) et coillte.ie (Coillte Recreation Policy, camping sous permission en foret domaniale sauf 5 sites de bivouac designes sur les National Waymarked Ways). A confirmer par lecture directe avant tout passage a FAIT. MAJ 2026-09-06 : source officielle partielle confirmee sur terrain domanial - la FAQ officielle de Coillte (societe d'Etat forestiere, coillte.ie/coillte-faqs/can-camp-coillte-forests/) precise camping autorise seulement sur emplacements limites : 2 camping/caravan parks et 5 sites de wild camping designes sur les longues distances, plus permis scouts/jeunes. Confirme la regle interdit-sauf-sites-designes sur les terres domaniales, coherente avec la fiche. Pour le reste du territoire (terrain prive, l'essentiel du pays), aucun texte unique de bivouac n'existe : la restriction decoule du droit de propriete (pas de right to roam), deja etabli via citizensinformation.ie. Statut laisse en HYPOTHESE faute de texte legislatif couvrant 100% du territoire ; coillte.ie ajoute comme source secondaire officielle. MAJ 2026-09-07 : citizensinformation.ie, nationalparks.ie et coillte.ie inaccessibles (blocage reseau systemique). Aucun texte legislatif nouveau couvrant 100% du territoire trouve pour le bivouac ; le detail Wicklow Mountains NP (500 m des routes/batiments, deplacement de la tente apres chaque 2e nuit) est confirme separement en ligne dediee (voir fiche Wicklow Mountains NP) et affine, sans contredire, la piste deja notee ici (400 m/max 2 nuits). Statut maintenu HYPOTHESE, le droit commun terrestre irlandais restant fonde sur l'absence de right to roam (citizensinformation.ie) plutot que sur un texte propre au bivouac. MAJ 2026-09-14 : confirmation supplementaire sur le volet domanial via coillte.ie/coillte-faqs : 7 sites designes au total identifies (2 camping/caravan parks a Lough Key et Curragh Chase, 5 wild camping spots sur Slieve Bloom Way x2, Kerry Way x1, Avondhu Way x1, Western Way x1), plus detaille qu'avant mais sans nouveau texte legislatif. Le terrain prive (l'essentiel du territoire) reste regi par l'absence de right to roam (citizensinformation.ie, deja confirme), aucun texte dedie au bivouac. Statut maintenu HYPOTHESE."
IE;UK-IE;Wicklow Mountains NP;NP;autorise;Wilderness camping autorise dans le parc SAUF vallee de Glendalough (interdiction totale), a plus de 500 m de toute route carrossable et de tout batiment, deplacer la tente apres 2 nuits, sans trace;interdit - aucun feu autorise (Wild Camping Code du parc);Wicklow Way;https://www.nationalparks.ie/wicklow/;2026;2026-09-07;FAIT;NPWS = agence publique, seule vraie zone de camping sauvage tolere officiellement en Irlande. MAJ 2026-08-24 : source directe inaccessible ce run, recoupement confirme l'interdiction totale a Glendalough et la distance de 500 m, aucun changement. MAJ 2026-09-07 : Acces direct bloque (contrainte reseau de la session), verification par recherche ciblee. Regles de nationalparks.ie reconfirmees quasi mot pour mot (500m route/batiment, deplacement apres 2 nuits, interdiction totale a Glendalough, pas de feu), aucun changement.
NO;SCAND;Norvege - allemannsretten (friluftsloven);regle-generale;autorise;Loi sur le plein air du 28/06/1957 : camping libre sur terres non cultivees (utmark), tente a 150 m minimum des maisons et cabanes habitees, 2 nuits max au meme endroit (davantage en haute montagne et zones eloignees), sans trace;interdit en saison - interdiction generale de feu ouvert en foret et a proximite du 15/04 au 15/09 (sauf endroit manifestement sans risque ou foyers amenages);Reseau DNT, Jotunheimen, Hardangervidda, Rondane, Besseggen;https://www.regjeringen.no/en/documents/outdoor-recreation-act/id172932/;1957-06-28;2026-09-14;FAIT;Traduction officielle de la loi sur regjeringen.no, regle feu confirmee par DNT. MAJ 2026-08-24 : source directe inaccessible ce run, recoupement confirme la regle des 150 m et l'interdiction de feu du 15/04 au 15/09, aucun changement. MAJ 2026-09-14 : aucune modification de la friluftsloven de 1957 identifiee pour 2026. Regle des 150 m et interdiction de feu du 15/04 au 15/09 inchangees, seul un durcissement de l'application locale par les services d'incendie est signale (pas le texte lui-meme).
NO;SCAND;Lofoten - reglements locaux de comportement;cas-particulier;variable;Friluftsforskrift for Lofoten (Lovdata, forskrift n 2021-06-22-2418, communes de Rost, Vaeroy, Moskenes, Flakstad, Vestvagoy, Vagan), paragraphe 5 (Telting og overnatting) : camping et bivouac autorises en zone sauvage a au moins 150 m des maisons/cabanes habitees, sauf zones d'interdiction totale ou limitee listees aux paragraphes 5-1 et 5-2 (carte officielle du Lofoten Friluftsrad), consentement du proprietaire obligatoire au-dela de 2 nuits, SAUF en haute montagne (hoyfjellet) et dans les zones eloignees de toute habitation ou ce consentement n'est pas requis. Modification du 13 juin 2022 (forskrift 2022-06-13-1031) ayant cree une zone de camping desormais autorisee a la plage sous la montagne (Vagan).;variable - interdiction nationale 15/04-15/09 + sensibilite locale extreme, rechaud;Sommets et plages des Lofoten (Reinebringen, Ryten, Kvalvika), Lofoten stien;https://lovdata.no/dokument/LF/forskrift/2021-06-22-2418/%C2%A75;2021-06-22;2026-09-20;FAIT;Texte officiel Lovdata (forskrift regionale, modifiee le 13/06/2022) remplace la source touristique precedente. MAJ 2026-08-31 : source directe inaccessible ce run (proxy), mais un resultat de recherche cite/reproduit textuellement le §5 (150 m, exception haute montagne/zones eloignees), recoupe avec la carte officielle du Lofoten Friluftsrad. Zones d'interdiction totale du §5-1 (mai-octobre, sauf Haukland en interdiction permanente) : Vagan (Stranda under fjellet, Kalle, Rorvika), Moskenes (Hamnoyvannet, Olenilsoya, Andoya, Vindstad, Tennes og Veines, Bollhaugen, Reinebringen/Reinevatnet, Reine, Moskenesvatnet, Stuvdalsvatnet, Sorvagvatnet, Tindselva, Bastadvika, Langhaugen), Vestvagoy (Haukland, toute l'annee). L'amendement 2022-06-13-1031 n'a fait qu'ajuster la carte pour une zone de Vagan (camping autorise dans un perimetre delimite), sans changer la doctrine generale.
SE;SCAND;Suede - allemansratten;regle-generale;autorise;Droit d'acces a valeur constitutionnelle (RF 2:15) encadre par la pratique et Naturvardsverket : camper 1-2 nuits sur terre non cultivee, loin des habitations et des cultures, petits groupes sans permission du proprietaire, regles derogatoires dans parcs nationaux et reserves naturelles;tolere - feu admis si conditions sures (sol sable ou gravier, foyers existants), interdictions temporaires frequentes (eldningsforbud) par les prefectures;Kungsleden hors zones protegees, Sormlandsleden, Skaneleden;https://www.naturvardsverket.se/en/topics/the-right-of-public-access/;2025;2026-09-14;FAIT;Handbook Naturvardsverket edition 2025. MAJ 2026-08-24 : source directe inaccessible ce run, recoupement confirme que l'edition 2025 reste la reference en ligne, aucun changement. MAJ 2026-09-14 : aucune modification legislative confirmee. Une etude commanditee par Naturvardsverket propose des pistes de reforme de l'allemansratten, sans traduction en texte de loi a ce jour. RF 2:15 et le handbook 2025 restent la reference.
SE;SCAND;Abisko NP - Kungsleden nord (Laponie);NP;interdit;Dans le parc national d'Abisko l'allemansratten est suspendu par le reglement du parc : camping interdit sauf 3 emplacements designes (STF Abisko Turiststation, pont de Nissunjohka, cabanes d'Abiskojaure);interdit - feux interdits sauf foyers designes, grils interdits, rechaud autorise;Kungsleden (etape Abisko-Abiskojaure);https://www.sverigesnationalparker.se/en/parks/abisko-national-park/visit-the-park/staying-in-the-park;2026;2026-09-20;FAIT;Les autres reserves de Laponie (Vindelfjallen, Sjaunja...) ont chacune leur propre reglement. MAJ 2026-08-31 : source directe inaccessible ce run (proxy), recoupement (outdoorproffs.se, lansstyrelsen.se) confirme les 3 emplacements designes (STF Abisko Turiststation, Nissonjohka, cabanes d'Abiskojaure), aucun changement.
FI;SCAND;Finlande - jokamiehenoikeus;regle-generale;autorise;Droit coutumier reconnu par la legislation : campement temporaire autorise sur terre non cultivee a distance raisonnable des habitations et chalets, pas de passage dans les champs en periode de culture, restrictions specifiques dans parcs nationaux et reserves (camper aux emplacements designes);interdit sans permission - le feu ouvert n'est PAS couvert par le droit de chacun, permission du proprietaire requise (sauf urgence), interdit en alerte incendie, rechaud libre;Karhunkierros, sentiers de Laponie (Hetta-Pallas, UKK), parcs Metsahallitus;https://www.luontoon.fi/en/activities/hiking-and-outdoor-recreation/everymans-rights;2026;2026-09-14;FAIT;Luontoon.fi = Metsahallitus (agence publique des espaces naturels). MAJ 2026-08-24 : source directe inaccessible ce run, recoupement confirme la regle inchangee (feu soumis a permission du proprietaire, camping aux emplacements designes dans les parcs). MAJ 2026-09-14 : seul changement identifie est terminologique (Metsahallitus prefere desormais « Everyone's Rights » a « Everyman's Rights »), aucun changement de fond sur le regime du feu ni sur les campements designes dans les parcs.
IS;IS;Islande - loi nature 60/2013;regle-generale;interdit;Loi de conservation de la nature 60/2013 (en vigueur nov. 2015) : camping-cars, caravanes et vans interdits hors campings organises et zones urbaines sauf accord du proprietaire, exception tente classique : 1 nuit max sur terre non cultivee le long d'un itineraire SI aucun camping a proximite et pas d'interdiction signalee, plus de 3 tentes = permission du proprietaire;interdit - feu ouvert tres restreint (vegetation et sols fragiles), rechaud, interdictions renforcees en zones protegees;Hautes Terres : la plupart des zones sont protegees avec campings designes obligatoires;https://ust.is/english/visiting-iceland/travel-information/where-can-you-camp/;2015-11;2026-09-20;FAIT;Agence env. (UST) scindee au 01/01/2025 en 2 agences, URL susceptible de migrer. MAJ 2026-08-31 : source directe inaccessible ce run (proxy), regle 60/2013 reconfirmee inchangee par recoupement. Scission precisee : UST dissoute le 31/12/2024, remplacee au 01/01/2025 par Umhverfis- og orkustofnun (energie/environnement) et Nattururverndarstofnun (aires protegees, dont Fjallabak). ust.is reste actif a titre transitoire, migration vers nattura.is annoncee mais pas effective.
IS;IS;Laugavegur - Fjallabak et Thorsmork;cas-particulier;interdit;Camping uniquement aux campings designes pres des refuges : 8 campings sur l'itineraire dont Landmannalaugar (reserve naturelle de Fjallabak) et 3 a Thorsmork, camping sauvage interdit sur tout le trek, pre-reservation fortement recommandee depuis 2026 (Ferdafelag Islands);interdit - aucun feu, rechaud seulement, tout dechet remporte;Laugavegur, Fimmvorduhals;https://www.fi.is/en/mountain-huts/camping;2026;2026-09-20;FAIT;FI = club de randonnee officiel gestionnaire des refuges et campings. MAJ 2026-08-31 : source directe inaccessible ce run (proxy), recoupement confirme les 8 campings (1 Landmannalaugar + 3 Thorsmork) et la pre-reservation 2026 fortement recommandee, aucun changement.
SI;SI-HR;Slovenie - regle generale;regle-generale;interdit;Nouvelle base legale ZJRM-2 depuis le 28/01/2026 environ (le sejour de nuit non autorise sur un lieu public ou accessible genant autrui est sanctionne, amende 100 a 500 EUR), regime TNP distinct et plus strict maintenu. ZJRM-2 adoptee le 17/12/2025, publiee au Uradni list RS (2025-01-3978), entree en vigueur vers le 28/01/2026, remplace ZJRM-1 dont l'article 18 visait explicitement le kampiranje. Nouvel article 18 : amende de 100 a 500 EUR pour sejour de nuit non autorise genant autrui sur lieu public ou accessible, controle police et inspecteurs communaux, communes habilitees a reglementer le stationnement nocturne des vehicules. Dans le Parc National du Triglav (TNP, 11 communes des Alpes Juliennes), regime distinct et plus severe (ZTNP-1) toujours en vigueur, amendes unifiees elevees, cumulables au-dela de 10000 EUR en cas de recidive.;interdit - feux ouverts interdits hors emplacements amenages;Via Alpina, Juliana Trail, Slovenska planinska pot : prevoir refuges (PZS) et campings;https://www.uradni-list.si/glasilo-uradni-list-rs/vsebina/2025-01-3978/zakon-o-varstvu-javnega-reda-in-miru-zjrm-2;2025-12;2026-09-20;FAIT;Base legale exacte (uredba/zakon et montants) a confirmer sur pisrs.si. MAJ 2026-08-10 : ZJRM-2 remplace ZJRM-1 (source officielle Uradni list). MAJ 2026-08-31 : source directe inaccessible ce run (proxy), mais recoupement fort (IUS-INFO, Tax-Fin-Lex, citations de l'Uradni list RS n°112/2025) confirme le texte quasi litteral de l'article (amende 100-500 EUR pour sejour de nuit non autorise genant autrui) et l'entree en vigueur precise au 28/01/2026 (adoption 17/12/2025). Regime TNP confirme distinct : amende sur place garde du parc 100 EUR / agent municipal 500 EUR, fourchette individus jusqu'a 1000 EUR, personnes morales jusqu'a 5000 EUR (sources presse 2026, pas de bareme TNP officiel distinct localise).
SI;SI-HR;Triglav NP;NP;interdit;Loi ZTNP-1 (2010) : camping et bivouac interdits hors zones designees (art. 13), stationnement nocturne de vehicules amenages interdit hors zones designees, rangers et police en controle frequent, amendes 100-1000 EUR pour un individu (art. 64 ZTNP-1), baignade interdite dans les lacs alpins du 1er regime de protection;interdit - feux strictement interdits dans le parc;Ascension du Triglav, Juliana Trail, vallees de Bohinj et Trenta : 41 refuges et 10 bivouacs d'urgence;https://www.tnp.si/en/visiting-park/information-for-visitors/code-of-conduct/;2010;2026-09-21;FAIT;"Seul le bivouac d'urgence est tolere, montants d'amendes = sources secondaires. MAJ 2026-08-24 : source directe inaccessible ce run, recoupement confirme la regle inchangee. MAJ 2026-09-07 : Acces direct bloque (contrainte reseau de la session), verification par recherche ciblee. Code de conduite tnp.si reconfirme (41 refuges/10 bivouacs, baignade interdite) ; le texte de l'article 64 ZTNP-1 (via zakonodaja.com) fixe l'amende individuelle a 100-1000 EUR et non 200-1000 EUR comme en fiche, corrige. La depenalisation nationale du camping sauvage en Slovenie (ZJRM-2, 28/01/2026) ne s'applique pas dans le parc, ou la loi ZTNP-1 reste pleinement en vigueur. MAJ 2026-09-21 : reglementation du parc reconfirmee inchangee (ZTNP-1, amende 100-1000 EUR) par recoupement (contenu indexe de tnp.si, WebFetch bloque ce run). A noter, hors regime du parc : les communes limitrophes discutent une amende communale unifiee de 500 EUR pour camping sauvage en dehors du parc (situation au 03/06/2026), distincte du regime TNP."
BE;BENELUX;Wallonie - reseau officiel d'aires de bivouac;regle-generale;variable;Camping sauvage interdit par defaut (Code forestier wallon) mais reseau officiel d'environ 30 aires de bivouac reconnues par le DNF : gratuites, 1 nuit (max 2 consecutives), tentes legeres montees apres 17h demontees avant 10h, reservees randonneurs cyclistes cavaliers, carte complete sur bivakzone.be;interdit - feu strictement interdit sur les aires, rechaud autorise;GR d'Ardenne (GR®57, GR®571, GR AE), Escapardenne;https://parcsnaturelsdewallonie.be/wp-content/uploads/pdf_legacy/bivouacs-bd.pdf;2026;2026-09-07;FAIT;Document institutionnel non date, croiser avec bivakzone.be pour la liste a jour. MAJ 2026-08-24 : source directe inaccessible ce run, sources secondaires citent environ 27 aires et un horaire 16h-10h contre 30 aires et 17h-10h en fiche. Ecarts non confirmes sur le document officiel, fiche laissee inchangee, a reverifier directement au prochain passage. MAJ 2026-09-07 : Acces direct bloque (contrainte reseau de la session), verification par recherche ciblee. Horaires 17h-10h reconfirmes (resout l'ecart de 16h-10h releve au run precedent) et nombre d'aires d'environ 29 en 2025 avec extension prevue en 2026 (Vallee de la Semois), coherent avec 'environ 30' en fiche, aucun changement.
NL;BENELUX;Pays-Bas - paalkamperen;regle-generale;interdit;Camping sauvage interdit aux Pays-Bas, le reseau historique de paalkamperen de Staatsbosbeheer (17 terrains gratuits, 3 tentes max dans un rayon de 10 m du poteau, 72h max) a ete ferme DEFINITIVEMENT en 2020, il subsiste quelques poteaux prives ou communaux;interdit - feu ouvert interdit, rechaud seulement;Pieterpad, Marskramerpad : prevoir campings nature;https://www.staatsbosbeheer.nl/wat-we-doen/nieuws/2020/05/sluiten-paalkampeerterreinen;2020-05;2026-09-20;FAIT;Attention : beaucoup de guides en ligne presentent encore le reseau Staatsbosbeheer comme actif. MAJ 2026-08-31 : source directe inaccessible ce run (proxy), recoupement (Wikipedia NL, nkbv.nl) confirme la fermeture definitive fin mai 2020, aucun changement.
LU;BENELUX;Luxembourg - regle generale et Mullerthal;regle-generale;interdit;Camping sauvage interdit, permission du proprietaire requise sur terrain prive, quelques zones de bivouac designees dans le pays, sur le Mullerthal Trail le bivouac est interdit (campings et hebergements a proximite du trace, reserver tot);interdit - feu interdit en foret;Mullerthal Trail, Escapardenne Lee Trail;https://autotouring.acl.lu/en/where-is-camping-allowed-in-europe/;2025;2026-09-14;HYPOTHESE;"Base legale exacte a confirmer sur legilux.public.lu, liste des zones bivouac a etablir. MAJ 2026-08-10 : loi du 11/07/1957 (legilux.public.lu, officielle) trouvee, mais elle encadre l'autorisation des terrains de camping organises et ne confirme pas explicitement l'interdiction du camping sauvage individuel. Reglement grand-ducal d'application et regime Mullerthal/Escapardenne restent a trouver. MAJ 2026-08-24 : recherche de la loi du 18/07/2018 sur la protection de la nature (environnement.public.lu) sans article specifique au camping sauvage trouve. Interdiction sur le Mullerthal Trail toujours sourcee uniquement par du tourisme secondaire (mullerthal-trail.lu, mullerthal.lu), aucun reglement propre au parc localise. WebFetch bloque ce run (proxy), toujours a confirmer par lecture directe. MAJ 2026-09-06 : nouvelle recherche (legilux.public.lu, environnement.public.lu, Naturpark Mellerdall) toujours infructueuse. Un article d'investigation de journal.lu (media serieux, non officiel) confirme que la loi de 1957 sur le camping ne couvre pas le camping sauvage en foret domaniale (~moitie des forets du pays) et qu'une eventuelle interdiction resterait a localiser dans la legislation. Aucun reglement grand-ducal specifique au Mullerthal Trail trouve. Statut maintenu HYPOTHESE. MAJ 2026-09-07 : legilux.public.lu (y compris data.legilux.public.lu), environnement.public.lu et mullerthal.lu inaccessibles (blocage reseau systemique). Deux reglements grand-ducaux du 01/08/2018 identifies comme piste (potentiellement pertinents) mais contenu illisible en l'etat (pages JS non indexees) ; aucun article camping sauvage/bivouac trouve dans la loi du 18/07/2018. Statut maintenu HYPOTHESE, piste des reglements grand-ducaux d'application a creuser au prochain passage si l'acces reseau est retabli. MAJ 2026-09-14 : les 3 reglements grand-ducaux du 01/08/2018 (a774, a772, a682) restent identifies comme piste mais leur contenu demeure illisible (pages legilux.public.lu necessitant JS, non indexees en texte). Une source confirme par ailleurs que les forets luxembourgeoises sont en principe ouvertes et accessibles a tous mais sans veritable droit d'acces legal, sans trancher la question du bivouac. Aucun article camping sauvage/bivouac localise ce run. Statut maintenu HYPOTHESE."
AT;AT;Salzburg (Land);regle-generale;variable;Pas d'interdiction generale du camping sauvage au niveau du Land mais les communes peuvent l'interdire (appreciation du bourgmestre), la loi de protection de la nature de Salzbourg protege l'Odland alpin au-dessus de la limite forestiere (activites impactantes soumises a autorisation), se renseigner aupres de la commune, bivouac d'urgence toujours tolere;variable - feu en foret interdit (Forstgesetz federal 1975), risque incendie;Arnoweg, Hohe Tauern (NP : camping interdit);https://www.ris.bka.gv.at/NormDokument.wxe?Abfrage=LrSbg&Gesetzesnummer=20000849&Paragraf=15;2023-03-10;2026-09-14;HYPOTHESE;"A confirmer sur le texte du Salzburger Naturschutzgesetz (ris.bka.gv.at). MAJ 2026-08-10 : texte officiel localise (version consolidee au 12/06/2026), paragraphe 24 protege l'Odland alpin (coherent avec la fiche), mais portee exacte du paragraphe 15 sur une interdiction generale du camping non confirmee. Verifier aussi le Salzburger Campingplatzgesetz (S.CampG) lors de la prochaine lecture. MAJ 2026-09-07 : ris.bka.gv.at toujours inaccessible (blocage reseau systemique). Recherche relocalise la base legale precise du pouvoir d'interdiction communale au paragraphe 15 du Salzburger Campingplatzgesetz (S.CampG) 2013, plutot qu'une clause du Naturschutzgesetz ; le paragraphe 24 Naturschutzgesetz (protection de l'Odland alpin) reste confirme par ailleurs. Piste a lire directement avant integration, statut maintenu HYPOTHESE. MAJ 2026-09-14 : deux paragraphes cles retrouves avec numero d'article via jusline.at (reproduction du texte consolide RIS) : le paragraphe 15 du Salzburger Campingplatzgesetz (S.CampG), et non une clause du seul Naturschutzgesetz, donne au Gemeinderat (conseil communal) le pouvoir de reglementer/interdire par Verordnung le camping hors campings ; le paragraphe 24 du Naturschutzgesetz 1999 protege ex lege l'Odland alpin (deja connu). Citation plus precise que les runs precedents mais toujours non lue directement sur ris.bka.gv.at (bloque ce run) : source_url mis a jour vers le paragraphe 15 S.CampG, conditions volontairement laissees inchangees, statut maintenu HYPOTHESE."
AT;AT;Styrie (Steiermark);regle-generale;variable;Pas de reglementation du Land visant explicitement le camping : au-dessus de la limite des arbres une nuit est generalement admise (loi styrienne sur la liberte d'acces en zone de montagne + loi de protection de la nature), au-dela d'une nuit autorisation requise, bivouac d'urgence toujours tolere;variable - feu en foret interdit (Forstgesetz federal);Zentralalpenweg, Schladminger Tauern, Hochschwab;https://www.ris.bka.gv.at/NormDokument.wxe?Abfrage=LrStmk&Gesetzesnummer=20000211&Paragraf=1;2024-11-26;2026-09-14;HYPOTHESE;A confirmer sur le Steiermarkisches Naturschutzgesetz (ris.bka.gv.at). MAJ 2026-08-10 : textes precis identifies mais non lus directement (acces bloque) : Steiermarkisches Naturschutzgesetz 2017 (StNSchG 2017) et Steiermarkisches Berg- und Naturwachtgesetz 2024 (art. 20), plus Wegefreiheitsgesetz 1921. Des sources secondaires evoquent une suppression en 2017 d'une clause autorisant le camping en tente hors hameaux sur autorisation, ce qui rendrait la regle plus restrictive : a verifier par lecture directe. MAJ 2026-09-07 : ris.bka.gv.at toujours inaccessible (blocage reseau systemique). Recherche reconfirme sans lecture directe la suppression en 2017 de la clause autorisant les camps de tentes hors fermes/villages au-dela d'une nuit (regime plus restrictif, coherent avec la fiche) et l'acces libre a l'Odland alpin via le Wegefreiheitsgesetz 1921. StNSchG 2017 et Berg- und Naturwachtgesetz 2024 toujours non lus directement, statut maintenu HYPOTHESE. MAJ 2026-09-14 : decouverte d'une base legale plus directement pertinente que celles suivies jusqu'ici. Une novelle du Steiermarkisches Landes-Sicherheitsgesetz (StLSG), entree en vigueur pour l'essentiel le 26/11/2024 (complements le 13/08/2025), donnerait aux communes le pouvoir explicite d'interdire par reglement l'installation de tentes/caravanes/camping-cars hors campings (paragraphe 1 StLSG), amende jusqu'a 5000 EUR (paragraphe 4 StLSG). Contenu et dates concordants sur plusieurs pages officielles du Land Steiermark (news.steiermark.at, kommunikation.steiermark.at, drexler.steiermark.at) et sur jusline.at, mais aucune n'a ete lue directement (WebFetch bloque ce run) : source_url mis a jour vers cette reference plus precise, conditions volontairement laissees inchangees, statut maintenu HYPOTHESE.
FR;FR-ALPES-N;RNN des Contamines-Montjoie (lacs Jovet et Plan Jovet);reserve;interdit;Bivouac interdit en dessous de 2500 m du 15 juin au 15 septembre selon l'arrete prefectoral DDT-2026-0474 du 4 juin 2026 (campagne 2026), un second arrete DDT-2026-0472 du meme jour couvrant Aiguilles Rouges/Carlaveyron/Vallon de Berard. Reserve distincte de la RNN de Sixt-Fer-a-Cheval/Passy, ne pas confondre les deux regimes.;non detaille par cette source, se referer au regime general haut-savoyard;Tour du Mont-Blanc (variante lacs Jovet);https://www.haute-savoie.gouv.fr/Actions-de-l-Etat/Vos-loisirs/Montagne-en-ete/RNN-des-Contamines-Montjoie-lacs-Jovet-et-plan-Jovet-une-nouvelle-reglementation;2026-06-04;2026-09-14;HYPOTHESE;Ligne creee le 2026-09-14 suite a la reverification de la fiche RNN de Sixt-Passy : les mentions historiques « Lac Jovet » et « Plan Jovet » qui y figuraient semblent en realite relever de cette reserve distincte (Contamines-Montjoie), pas de Sixt-Fer-a-Cheval/Passy, avec des dates d'interdiction differentes (15 juin-15 septembre, contre 1er juillet-31 aout historiquement cite pour Sixt-Passy). Source identifiee via WebSearch (page officielle haute-savoie.gouv.fr et PDF de l'arrete signe heberge par la mairie des Contamines-Montjoie), non confirmee par lecture directe (WebFetch bloque ce run) : statut HYPOTHESE. A lire en priorite au prochain passage si l'acces reseau se retablit, l'enjeu (dates erronees pour un randonneur) justifiant une verification humaine avant toute affirmation definitive.
IT;IT-DOLOMITES;Cortina d'Ampezzo (centre-ville) - ordonnance anti-bivouac;cas-particulier;interdit;Ordonnance municipale n°144 du 13 aout 2026 (en vigueur jusqu'au 15 octobre 2026) interdisant notamment le bivouac, le camping et le coucher sur l'espace public communal, distincte du reglement du parc naturel des Dolomites d'Ampezzo qui couvre le territoire protege environnant.;non traite par cette ordonnance;Alta Via 1 Dolomiti (acces/traversee du centre-ville);https://www.ansa.it/veneto/notizie/2026/08/14/dai-bivacchi-allabbigliamento-cortina-stringe-sul-turismo-cafone_7060d91d-161f-46ae-86d2-809237dca6a3.html;2026-08-13;2026-09-14;HYPOTHESE;Ligne creee le 2026-09-14, ordonnance reperee par 3 sources de presse concordantes (ANSA, il Dolomiti, il Gazzettino) citant son numero, sa date de signature et sa duree de validite, amendes annoncees de 25 a 500 EUR. Pas de PDF officiel de l'ordonnance retrouve ni de lecture directe possible (WebFetch bloque ce run) : statut HYPOTHESE, a confirmer sur le site de la commune de Cortina d'Ampezzo au prochain passage.
